Year,ISO2,ISO3,Country,Variable,Dataset,CalculatedScore,isOpen,aExists,bAvailable,cMachineReadable,dBulk,eFree,fLicense,gUpdated,hSustainable,iDiscoverable,jLinked
2013,AR,ARG,Argentina,ODB.2013.D1,D1 - Map,45,0,5,10,15,0,15,0,0,0,0,0
2013,AR,ARG,Argentina,ODB.2013.D2,D2 - Land,5,0,5,0,0,0,0,0,0,0,0,0
2013,AR,ARG,Argentina,ODB.2013.D3,D3 - Services,65,0,5,10,15,0,15,15,0,0,5,0
2013,AR,ARG,Argentina,ODB.2013.D4,D4 - Census,75,0,5,10,15,0,15,15,10,0,5,0
2013,AR,ARG,Argentina,ODB.2013.D5,D5 - Budget,15,0,5,10,0,0,0,0,0,0,0,0
2013,AR,ARG,Argentina,ODB.2013.D6,D6 - Spend,15,0,5,10,0,0,0,0,0,0,0,0
2013,AR,ARG,Argentina,ODB.2013.D7,D7 - Company,5,0,5,0,0,0,0,0,0,0,0,0
2013,AR,ARG,Argentina,ODB.2013.D8,D8 - Legislation,15,0,5,10,0,0,0,0,0,0,0,0
2013,AR,ARG,Argentina,ODB.2013.D9,D9 - Transport,5,0,5,0,0,0,0,0,0,0,0,0
2013,AR,ARG,Argentina,ODB.2013.D10,D10 - Trade,70,0,5,10,15,15,15,0,10,0,0,0
2013,AR,ARG,Argentina,ODB.2013.D11,D11 - Health,45,0,5,10,15,0,15,0,0,0,0,0
2013,AR,ARG,Argentina,ODB.2013.D12,D12 - Education,65,0,5,10,15,0,15,15,0,0,5,0
2013,AR,ARG,Argentina,ODB.2013.D13,D13 - Crime,5,0,5,0,0,0,0,0,0,0,0,0
2013,AR,ARG,Argentina,ODB.2013.D14,D14 - Environment,60,0,5,10,15,0,15,0,10,0,5,0
2013,AR,ARG,Argentina,ODB.2013.D15,D15 - Elections,95,1,5,10,15,15,15,15,10,5,5,0
2013,AU,AUS,Australia,ODB.2013.D1,D1 - Map,90,1,5,10,15,15,15,15,10,5,0,0
2013,AU,AUS,Australia,ODB.2013.D2,D2 - Land,15,0,5,10,0,0,0,0,0,0,0,0
2013,AU,AUS,Australia,ODB.2013.D3,D3 - Services,90,1,5,10,15,15,15,15,10,0,5,0
2013,AU,AUS,Australia,ODB.2013.D4,D4 - Census,60,0,5,10,15,0,0,15,10,5,0,0
2013,AU,AUS,Australia,ODB.2013.D5,D5 - Budget,15,0,5,10,0,0,0,0,0,0,0,0
2013,AU,AUS,Australia,ODB.2013.D6,D6 - Spend,75,0,5,10,15,15,15,0,10,5,0,0
2013,AU,AUS,Australia,ODB.2013.D7,D7 - Company,60,0,5,10,15,0,15,0,10,0,0,5
2013,AU,AUS,Australia,ODB.2013.D8,D8 - Legislation,15,0,5,10,0,0,0,0,0,0,0,0
2013,AU,AUS,Australia,ODB.2013.D9,D9 - Transport,75,0,5,10,15,15,15,0,10,5,0,0
2013,AU,AUS,Australia,ODB.2013.D10,D10 - Trade,95,1,5,10,15,15,15,15,10,5,5,0
2013,AU,AUS,Australia,ODB.2013.D11,D11 - Health,95,1,5,10,15,15,15,15,10,5,5,0
2013,AU,AUS,Australia,ODB.2013.D12,D12 - Education,55,0,5,10,15,0,15,0,10,0,0,0
2013,AU,AUS,Australia,ODB.2013.D13,D13 - Crime,80,1,5,10,15,15,15,15,0,0,5,0
2013,AU,AUS,Australia,ODB.2013.D14,D14 - Environment,60,0,5,10,15,15,15,0,0,0,0,0
2013,AU,AUS,Australia,ODB.2013.D15,D15 - Elections,90,1,5,10,15,15,15,15,10,5,0,0
2013,AT,AUT,Austria,ODB.2013.D1,D1 - Map,15,0,5,10,0,0,0,0,0,0,0,0
2013,AT,AUT,Austria,ODB.2013.D2,D2 - Land,5,0,5,0,0,0,0,0,0,0,0,0
2013,AT,AUT,Austria,ODB.2013.D3,D3 - Services,45,0,5,10,0,0,15,0,10,0,5,0
2013,AT,AUT,Austria,ODB.2013.D4,D4 - Census,75,0,5,10,15,15,15,0,10,0,5,0
2013,AT,AUT,Austria,ODB.2013.D5,D5 - Budget,75,0,5,10,15,15,15,0,10,0,5,0
2013,AT,AUT,Austria,ODB.2013.D6,D6 - Spend,15,0,5,10,0,0,0,0,0,0,0,0
2013,AT,AUT,Austria,ODB.2013.D7,D7 - Company,5,0,5,0,0,0,0,0,0,0,0,0
2013,AT,AUT,Austria,ODB.2013.D8,D8 - Legislation,15,0,5,10,0,0,0,0,0,0,0,0
2013,AT,AUT,Austria,ODB.2013.D9,D9 - Transport,15,0,5,10,0,0,0,0,0,0,0,0
2013,AT,AUT,Austria,ODB.2013.D10,D10 - Trade,75,0,5,10,15,15,15,0,10,0,5,0
2013,AT,AUT,Austria,ODB.2013.D11,D11 - Health,15,0,5,10,0,0,0,0,0,0,0,0
2013,AT,AUT,Austria,ODB.2013.D12,D12 - Education,15,0,5,10,0,0,0,0,0,0,0,0
2013,AT,AUT,Austria,ODB.2013.D13,D13 - Crime,75,0,5,10,15,15,15,0,10,0,5,0
2013,AT,AUT,Austria,ODB.2013.D14,D14 - Environment,75,0,5,10,15,0,15,15,10,0,5,0
2013,AT,AUT,Austria,ODB.2013.D15,D15 - Elections,80,0,5,10,15,0,15,15,10,5,5,0
2013,BH,BHR,Bahrain,ODB.2013.D1,D1 - Map,15,0,5,10,0,0,0,0,0,0,0,0
2013,BH,BHR,Bahrain,ODB.2013.D2,D2 - Land,5,0,5,0,0,0,0,0,0,0,0,0
2013,BH,BHR,Bahrain,ODB.2013.D3,D3 - Services,45,0,5,10,0,0,15,0,10,0,5,0
2013,BH,BHR,Bahrain,ODB.2013.D4,D4 - Census,15,0,5,10,0,0,0,0,0,0,0,0
2013,BH,BHR,Bahrain,ODB.2013.D5,D5 - Budget,15,0,5,10,0,0,0,0,0,0,0,0
2013,BH,BHR,Bahrain,ODB.2013.D6,D6 - Spend,15,0,5,10,0,0,0,0,0,0,0,0
2013,BH,BHR,Bahrain,ODB.2013.D7,D7 - Company,65,0,5,10,15,0,15,0,10,5,5,0
2013,BH,BHR,Bahrain,ODB.2013.D8,D8 - Legislation,15,0,5,10,0,0,0,0,0,0,0,0
2013,BH,BHR,Bahrain,ODB.2013.D9,D9 - Transport,15,0,5,10,0,0,0,0,0,0,0,0
2013,BH,BHR,Bahrain,ODB.2013.D10,D10 - Trade,45,0,5,10,15,0,15,0,0,0,0,0
2013,BH,BHR,Bahrain,ODB.2013.D11,D11 - Health,50,0,5,10,15,0,15,0,0,0,5,0
2013,BH,BHR,Bahrain,ODB.2013.D12,D12 - Education,15,0,5,10,0,0,0,0,0,0,0,0
2013,BH,BHR,Bahrain,ODB.2013.D13,D13 - Crime,15,0,5,10,0,0,0,0,0,0,0,0
2013,BH,BHR,Bahrain,ODB.2013.D14,D14 - Environment,0,0,0,0,0,0,0,0,0,0,0,0
2013,BH,BHR,Bahrain,ODB.2013.D15,D15 - Elections,0,0,0,0,0,0,0,0,0,0,0,0
2013,BD,BGD,Bangladesh,ODB.2013.D1,D1 - Map,5,0,5,0,0,0,0,0,0,0,0,0
2013,BD,BGD,Bangladesh,ODB.2013.D2,D2 - Land,0,0,0,0,0,0,0,0,0,0,0,0
2013,BD,BGD,Bangladesh,ODB.2013.D3,D3 - Services,50,0,5,10,0,0,15,0,10,5,5,0
2013,BD,BGD,Bangladesh,ODB.2013.D4,D4 - Census,15,0,5,10,0,0,0,0,0,0,0,0
2013,BD,BGD,Bangladesh,ODB.2013.D5,D5 - Budget,15,0,5,10,0,0,0,0,0,0,0,0
2013,BD,BGD,Bangladesh,ODB.2013.D6,D6 - Spend,15,0,5,10,0,0,0,0,0,0,0,0
2013,BD,BGD,Bangladesh,ODB.2013.D7,D7 - Company,15,0,5,10,0,0,0,0,0,0,0,0
2013,BD,BGD,Bangladesh,ODB.2013.D8,D8 - Legislation,15,0,5,10,0,0,0,0,0,0,0,0
2013,BD,BGD,Bangladesh,ODB.2013.D9,D9 - Transport,15,0,5,10,0,0,0,0,0,0,0,0
2013,BD,BGD,Bangladesh,ODB.2013.D10,D10 - Trade,15,0,5,10,0,0,0,0,0,0,0,0
2013,BD,BGD,Bangladesh,ODB.2013.D11,D11 - Health,15,0,5,10,0,0,0,0,0,0,0,0
2013,BD,BGD,Bangladesh,ODB.2013.D12,D12 - Education,15,0,5,10,0,0,0,0,0,0,0,0
2013,BD,BGD,Bangladesh,ODB.2013.D13,D13 - Crime,15,0,5,10,0,0,0,0,0,0,0,0
2013,BD,BGD,Bangladesh,ODB.2013.D14,D14 - Environment,15,0,5,10,0,0,0,0,0,0,0,0
2013,BD,BGD,Bangladesh,ODB.2013.D15,D15 - Elections,15,0,5,10,0,0,0,0,0,0,0,0
2013,BE,BEL,Belgium,ODB.2013.D1,D1 - Map,70,0,5,10,15,15,15,0,0,5,5,0
2013,BE,BEL,Belgium,ODB.2013.D2,D2 - Land,15,0,5,10,0,0,0,0,0,0,0,0
2013,BE,BEL,Belgium,ODB.2013.D3,D3 - Services,5,0,5,0,0,0,0,0,0,0,0,0
2013,BE,BEL,Belgium,ODB.2013.D4,D4 - Census,65,0,5,10,15,0,15,0,10,5,5,0
2013,BE,BEL,Belgium,ODB.2013.D5,D5 - Budget,15,0,5,10,0,0,0,0,0,0,0,0
2013,BE,BEL,Belgium,ODB.2013.D6,D6 - Spend,5,0,5,0,0,0,0,0,0,0,0,0
2013,BE,BEL,Belgium,ODB.2013.D7,D7 - Company,15,0,5,10,0,0,0,0,0,0,0,0
2013,BE,BEL,Belgium,ODB.2013.D8,D8 - Legislation,15,0,5,10,0,0,0,0,0,0,0,0
2013,BE,BEL,Belgium,ODB.2013.D9,D9 - Transport,15,0,5,10,0,0,0,0,0,0,0,0
2013,BE,BEL,Belgium,ODB.2013.D10,D10 - Trade,15,0,5,10,0,0,0,0,0,0,0,0
2013,BE,BEL,Belgium,ODB.2013.D11,D11 - Health,15,0,5,10,0,0,0,0,0,0,0,0
2013,BE,BEL,Belgium,ODB.2013.D12,D12 - Education,80,0,5,10,15,15,15,0,10,5,5,0
2013,BE,BEL,Belgium,ODB.2013.D13,D13 - Crime,15,0,5,10,0,0,0,0,0,0,0,0
2013,BE,BEL,Belgium,ODB.2013.D14,D14 - Environment,65,0,5,10,15,0,15,0,10,5,5,0
2013,BE,BEL,Belgium,ODB.2013.D15,D15 - Elections,15,0,5,10,0,0,0,0,0,0,0,0
2013,BJ,BEN,Benin,ODB.2013.D1,D1 - Map,5,0,5,0,0,0,0,0,0,0,0,0
2013,BJ,BEN,Benin,ODB.2013.D2,D2 - Land,0,0,0,0,0,0,0,0,0,0,0,0
2013,BJ,BEN,Benin,ODB.2013.D3,D3 - Services,0,0,0,0,0,0,0,0,0,0,0,0
2013,BJ,BEN,Benin,ODB.2013.D4,D4 - Census,15,0,5,10,0,0,0,0,0,0,0,0
2013,BJ,BEN,Benin,ODB.2013.D5,D5 - Budget,15,0,5,10,0,0,0,0,0,0,0,0
2013,BJ,BEN,Benin,ODB.2013.D6,D6 - Spend,15,0,5,10,0,0,0,0,0,0,0,0
2013,BJ,BEN,Benin,ODB.2013.D7,D7 - Company,65,0,5,10,15,15,15,0,0,0,5,0
2013,BJ,BEN,Benin,ODB.2013.D8,D8 - Legislation,15,0,5,10,0,0,0,0,0,0,0,0
2013,BJ,BEN,Benin,ODB.2013.D9,D9 - Transport,0,0,0,0,0,0,0,0,0,0,0,0
2013,BJ,BEN,Benin,ODB.2013.D10,D10 - Trade,15,0,5,10,0,0,0,0,0,0,0,0
2013,BJ,BEN,Benin,ODB.2013.D11,D11 - Health,15,0,5,10,0,0,0,0,0,0,0,0
2013,BJ,BEN,Benin,ODB.2013.D12,D12 - Education,15,0,5,10,0,0,0,0,0,0,0,0
2013,BJ,BEN,Benin,ODB.2013.D13,D13 - Crime,0,0,0,0,0,0,0,0,0,0,0,0
2013,BJ,BEN,Benin,ODB.2013.D14,D14 - Environment,0,0,0,0,0,0,0,0,0,0,0,0
2013,BJ,BEN,Benin,ODB.2013.D15,D15 - Elections,0,0,0,0,0,0,0,0,0,0,0,0
2013,BW,BWA,Botswana,ODB.2013.D1,D1 - Map,5,0,5,0,0,0,0,0,0,0,0,0
2013,BW,BWA,Botswana,ODB.2013.D2,D2 - Land,5,0,5,0,0,0,0,0,0,0,0,0
2013,BW,BWA,Botswana,ODB.2013.D3,D3 - Services,35,0,5,10,0,0,15,0,0,0,5,0
2013,BW,BWA,Botswana,ODB.2013.D4,D4 - Census,15,0,5,10,0,0,0,0,0,0,0,0
2013,BW,BWA,Botswana,ODB.2013.D5,D5 - Budget,60,0,5,10,15,0,15,0,10,0,5,0
2013,BW,BWA,Botswana,ODB.2013.D6,D6 - Spend,75,0,5,10,15,15,15,0,10,0,5,0
2013,BW,BWA,Botswana,ODB.2013.D7,D7 - Company,5,0,5,0,0,0,0,0,0,0,0,0
2013,BW,BWA,Botswana,ODB.2013.D8,D8 - Legislation,15,0,5,10,0,0,0,0,0,0,0,0
2013,BW,BWA,Botswana,ODB.2013.D9,D9 - Transport,0,0,0,0,0,0,0,0,0,0,0,0
2013,BW,BWA,Botswana,ODB.2013.D10,D10 - Trade,15,0,5,10,0,0,0,0,0,0,0,0
2013,BW,BWA,Botswana,ODB.2013.D11,D11 - Health,15,0,5,10,0,0,0,0,0,0,0,0
2013,BW,BWA,Botswana,ODB.2013.D12,D12 - Education,15,0,5,10,0,0,0,0,0,0,0,0
2013,BW,BWA,Botswana,ODB.2013.D13,D13 - Crime,15,0,5,10,0,0,0,0,0,0,0,0
2013,BW,BWA,Botswana,ODB.2013.D14,D14 - Environment,75,0,5,10,15,15,15,0,10,0,5,0
2013,BW,BWA,Botswana,ODB.2013.D15,D15 - Elections,15,0,5,10,0,0,0,0,0,0,0,0
2013,BR,BRA,Brazil,ODB.2013.D1,D1 - Map,15,0,5,10,0,0,0,0,0,0,0,0
2013,BR,BRA,Brazil,ODB.2013.D2,D2 - Land,5,0,5,0,0,0,0,0,0,0,0,0
2013,BR,BRA,Brazil,ODB.2013.D3,D3 - Services,0,0,0,0,0,0,0,0,0,0,0,0
2013,BR,BRA,Brazil,ODB.2013.D4,D4 - Census,75,0,5,10,15,15,15,0,10,0,5,0
2013,BR,BRA,Brazil,ODB.2013.D5,D5 - Budget,15,0,5,10,0,0,0,0,0,0,0,0
2013,BR,BRA,Brazil,ODB.2013.D6,D6 - Spend,80,0,5,10,15,15,15,0,10,5,5,0
2013,BR,BRA,Brazil,ODB.2013.D7,D7 - Company,5,0,5,0,0,0,0,0,0,0,0,0
2013,BR,BRA,Brazil,ODB.2013.D8,D8 - Legislation,15,0,5,10,0,0,0,0,0,0,0,0
2013,BR,BRA,Brazil,ODB.2013.D9,D9 - Transport,0,0,0,0,0,0,0,0,0,0,0,0
2013,BR,BRA,Brazil,ODB.2013.D10,D10 - Trade,60,0,5,10,15,0,15,0,10,0,5,0
2013,BR,BRA,Brazil,ODB.2013.D11,D11 - Health,5,0,5,0,0,0,0,0,0,0,0,0
2013,BR,BRA,Brazil,ODB.2013.D12,D12 - Education,60,0,5,10,15,0,15,0,10,0,5,0
2013,BR,BRA,Brazil,ODB.2013.D13,D13 - Crime,5,0,5,0,0,0,0,0,0,0,0,0
2013,BR,BRA,Brazil,ODB.2013.D14,D14 - Environment,60,0,5,10,15,0,15,15,0,0,0,0
2013,BR,BRA,Brazil,ODB.2013.D15,D15 - Elections,65,0,5,10,15,0,15,0,10,5,5,0
2013,BF,BFA,Burkina Faso,ODB.2013.D1,D1 - Map,5,0,5,0,0,0,0,0,0,0,0,0
2013,BF,BFA,Burkina Faso,ODB.2013.D2,D2 - Land,5,0,5,0,0,0,0,0,0,0,0,0
2013,BF,BFA,Burkina Faso,ODB.2013.D3,D3 - Services,0,0,0,0,0,0,0,0,0,0,0,0
2013,BF,BFA,Burkina Faso,ODB.2013.D4,D4 - Census,15,0,5,10,0,0,0,0,0,0,0,0
2013,BF,BFA,Burkina Faso,ODB.2013.D5,D5 - Budget,15,0,5,10,0,0,0,0,0,0,0,0
2013,BF,BFA,Burkina Faso,ODB.2013.D6,D6 - Spend,5,0,5,0,0,0,0,0,0,0,0,0
2013,BF,BFA,Burkina Faso,ODB.2013.D7,D7 - Company,5,0,5,0,0,0,0,0,0,0,0,0
2013,BF,BFA,Burkina Faso,ODB.2013.D8,D8 - Legislation,15,0,5,10,0,0,0,0,0,0,0,0
2013,BF,BFA,Burkina Faso,ODB.2013.D9,D9 - Transport,5,0,5,0,0,0,0,0,0,0,0,0
2013,BF,BFA,Burkina Faso,ODB.2013.D10,D10 - Trade,15,0,5,10,0,0,0,0,0,0,0,0
2013,BF,BFA,Burkina Faso,ODB.2013.D11,D11 - Health,15,0,5,10,0,0,0,0,0,0,0,0
2013,BF,BFA,Burkina Faso,ODB.2013.D12,D12 - Education,15,0,5,10,0,0,0,0,0,0,0,0
2013,BF,BFA,Burkina Faso,ODB.2013.D13,D13 - Crime,15,0,5,10,0,0,0,0,0,0,0,0
2013,BF,BFA,Burkina Faso,ODB.2013.D14,D14 - Environment,15,0,5,10,0,0,0,0,0,0,0,0
2013,BF,BFA,Burkina Faso,ODB.2013.D15,D15 - Elections,15,0,5,10,0,0,0,0,0,0,0,0
2013,CM,CMR,Cameroon,ODB.2013.D1,D1 - Map,15,0,5,10,0,0,0,0,0,0,0,0
2013,CM,CMR,Cameroon,ODB.2013.D2,D2 - Land,0,0,0,0,0,0,0,0,0,0,0,0
2013,CM,CMR,Cameroon,ODB.2013.D3,D3 - Services,0,0,0,0,0,0,0,0,0,0,0,0
2013,CM,CMR,Cameroon,ODB.2013.D4,D4 - Census,15,0,5,10,0,0,0,0,0,0,0,0
2013,CM,CMR,Cameroon,ODB.2013.D5,D5 - Budget,15,0,5,10,0,0,0,0,0,0,0,0
2013,CM,CMR,Cameroon,ODB.2013.D6,D6 - Spend,0,0,0,0,0,0,0,0,0,0,0,0
2013,CM,CMR,Cameroon,ODB.2013.D7,D7 - Company,5,0,5,0,0,0,0,0,0,0,0,0
2013,CM,CMR,Cameroon,ODB.2013.D8,D8 - Legislation,15,0,5,10,0,0,0,0,0,0,0,0
2013,CM,CMR,Cameroon,ODB.2013.D9,D9 - Transport,15,0,5,10,0,0,0,0,0,0,0,0
2013,CM,CMR,Cameroon,ODB.2013.D10,D10 - Trade,15,0,5,10,0,0,0,0,0,0,0,0
2013,CM,CMR,Cameroon,ODB.2013.D11,D11 - Health,15,0,5,10,0,0,0,0,0,0,0,0
2013,CM,CMR,Cameroon,ODB.2013.D12,D12 - Education,15,0,5,10,0,0,0,0,0,0,0,0
2013,CM,CMR,Cameroon,ODB.2013.D13,D13 - Crime,0,0,0,0,0,0,0,0,0,0,0,0
2013,CM,CMR,Cameroon,ODB.2013.D14,D14 - Environment,0,0,0,0,0,0,0,0,0,0,0,0
2013,CM,CMR,Cameroon,ODB.2013.D15,D15 - Elections,15,0,5,10,0,0,0,0,0,0,0,0
2013,CA,CAN,Canada,ODB.2013.D1,D1 - Map,95,1,5,10,15,15,15,15,10,5,5,0
2013,CA,CAN,Canada,ODB.2013.D2,D2 - Land,0,0,0,0,0,0,0,0,0,0,0,0
2013,CA,CAN,Canada,ODB.2013.D3,D3 - Services,0,0,0,0,0,0,0,0,0,0,0,0
2013,CA,CAN,Canada,ODB.2013.D4,D4 - Census,80,0,5,10,15,0,15,15,10,5,5,0
2013,CA,CAN,Canada,ODB.2013.D5,D5 - Budget,15,0,5,10,0,0,0,0,0,0,0,0
2013,CA,CAN,Canada,ODB.2013.D6,D6 - Spend,95,1,5,10,15,15,15,15,10,5,5,0
2013,CA,CAN,Canada,ODB.2013.D7,D7 - Company,15,0,5,10,0,0,0,0,0,0,0,0
2013,CA,CAN,Canada,ODB.2013.D8,D8 - Legislation,15,0,5,10,0,0,0,0,0,0,0,0
2013,CA,CAN,Canada,ODB.2013.D9,D9 - Transport,95,1,5,10,15,15,15,15,10,5,5,0
2013,CA,CAN,Canada,ODB.2013.D10,D10 - Trade,80,0,5,10,15,0,15,15,10,5,5,0
2013,CA,CAN,Canada,ODB.2013.D11,D11 - Health,45,0,5,10,15,0,0,0,10,0,5,0
2013,CA,CAN,Canada,ODB.2013.D12,D12 - Education,80,0,5,10,15,0,15,15,10,5,5,0
2013,CA,CAN,Canada,ODB.2013.D13,D13 - Crime,80,0,5,10,15,0,15,15,10,5,5,0
2013,CA,CAN,Canada,ODB.2013.D14,D14 - Environment,80,0,5,10,15,0,15,15,10,5,5,0
2013,CA,CAN,Canada,ODB.2013.D15,D15 - Elections,95,1,5,10,15,15,15,15,10,5,5,0
2013,CL,CHL,Chile,ODB.2013.D1,D1 - Map,50,0,5,10,15,0,15,0,0,0,5,0
2013,CL,CHL,Chile,ODB.2013.D2,D2 - Land,5,0,5,0,0,0,0,0,0,0,0,0
2013,CL,CHL,Chile,ODB.2013.D3,D3 - Services,80,0,5,10,15,0,15,15,10,5,5,0
2013,CL,CHL,Chile,ODB.2013.D4,D4 - Census,0,0,0,0,0,0,0,0,0,0,0,0
2013,CL,CHL,Chile,ODB.2013.D5,D5 - Budget,80,0,5,10,15,0,15,15,10,5,5,0
2013,CL,CHL,Chile,ODB.2013.D6,D6 - Spend,80,0,5,10,15,0,15,15,10,5,5,0
2013,CL,CHL,Chile,ODB.2013.D7,D7 - Company,15,0,5,10,0,0,0,0,0,0,0,0
2013,CL,CHL,Chile,ODB.2013.D8,D8 - Legislation,80,0,5,10,15,15,15,0,10,0,5,5
2013,CL,CHL,Chile,ODB.2013.D9,D9 - Transport,15,0,5,10,0,0,0,0,0,0,0,0
2013,CL,CHL,Chile,ODB.2013.D10,D10 - Trade,75,0,5,10,15,15,15,0,10,0,5,0
2013,CL,CHL,Chile,ODB.2013.D11,D11 - Health,45,0,5,10,15,0,15,0,0,0,0,0
2013,CL,CHL,Chile,ODB.2013.D12,D12 - Education,75,0,5,10,15,15,15,0,10,0,5,0
2013,CL,CHL,Chile,ODB.2013.D13,D13 - Crime,15,0,5,10,0,0,0,0,0,0,0,0
2013,CL,CHL,Chile,ODB.2013.D14,D14 - Environment,5,0,5,0,0,0,0,0,0,0,0,0
2013,CL,CHL,Chile,ODB.2013.D15,D15 - Elections,15,0,5,10,0,0,0,0,0,0,0,0
2013,CN,CHN,China,ODB.2013.D1,D1 - Map,15,0,5,10,0,0,0,0,0,0,0,0
2013,CN,CHN,China,ODB.2013.D2,D2 - Land,15,0,5,10,0,0,0,0,0,0,0,0
2013,CN,CHN,China,ODB.2013.D3,D3 - Services,50,0,5,10,0,0,15,0,10,5,5,0
2013,CN,CHN,China,ODB.2013.D4,D4 - Census,15,0,5,10,0,0,0,0,0,0,0,0
2013,CN,CHN,China,ODB.2013.D5,D5 - Budget,15,0,5,10,0,0,0,0,0,0,0,0
2013,CN,CHN,China,ODB.2013.D6,D6 - Spend,5,0,5,0,0,0,0,0,0,0,0,0
2013,CN,CHN,China,ODB.2013.D7,D7 - Company,15,0,5,10,0,0,0,0,0,0,0,0
2013,CN,CHN,China,ODB.2013.D8,D8 - Legislation,15,0,5,10,0,0,0,0,0,0,0,0
2013,CN,CHN,China,ODB.2013.D9,D9 - Transport,15,0,5,10,0,0,0,0,0,0,0,0
2013,CN,CHN,China,ODB.2013.D10,D10 - Trade,15,0,5,10,0,0,0,0,0,0,0,0
2013,CN,CHN,China,ODB.2013.D11,D11 - Health,15,0,5,10,0,0,0,0,0,0,0,0
2013,CN,CHN,China,ODB.2013.D12,D12 - Education,15,0,5,10,0,0,0,0,0,0,0,0
2013,CN,CHN,China,ODB.2013.D13,D13 - Crime,5,0,5,0,0,0,0,0,0,0,0,0
2013,CN,CHN,China,ODB.2013.D14,D14 - Environment,15,0,5,10,0,0,0,0,0,0,0,0
2013,CN,CHN,China,ODB.2013.D15,D15 - Elections,0,0,0,0,0,0,0,0,0,0,0,0
2013,CO,COL,Colombia,ODB.2013.D1,D1 - Map,75,0,5,10,15,15,15,0,10,0,5,0
2013,CO,COL,Colombia,ODB.2013.D2,D2 - Land,5,0,5,0,0,0,0,0,0,0,0,0
2013,CO,COL,Colombia,ODB.2013.D3,D3 - Services,20,0,5,10,0,0,0,0,0,0,5,0
2013,CO,COL,Colombia,ODB.2013.D4,D4 - Census,15,0,5,10,0,0,0,0,0,0,0,0
2013,CO,COL,Colombia,ODB.2013.D5,D5 - Budget,15,0,5,10,0,0,0,0,0,0,0,0
2013,CO,COL,Colombia,ODB.2013.D6,D6 - Spend,50,0,5,10,15,15,0,0,0,0,5,0
2013,CO,COL,Colombia,ODB.2013.D7,D7 - Company,15,0,5,10,0,0,0,0,0,0,0,0
2013,CO,COL,Colombia,ODB.2013.D8,D8 - Legislation,15,0,5,10,0,0,0,0,0,0,0,0
2013,CO,COL,Colombia,ODB.2013.D9,D9 - Transport,0,0,0,0,0,0,0,0,0,0,0,0
2013,CO,COL,Colombia,ODB.2013.D10,D10 - Trade,55,0,5,10,15,0,15,0,10,0,0,0
2013,CO,COL,Colombia,ODB.2013.D11,D11 - Health,75,0,5,10,15,15,15,0,10,0,5,0
2013,CO,COL,Colombia,ODB.2013.D12,D12 - Education,45,0,5,10,15,0,15,0,0,0,0,0
2013,CO,COL,Colombia,ODB.2013.D13,D13 - Crime,0,0,0,0,0,0,0,0,0,0,0,0
2013,CO,COL,Colombia,ODB.2013.D14,D14 - Environment,45,0,5,10,15,0,15,0,0,0,0,0
2013,CO,COL,Colombia,ODB.2013.D15,D15 - Elections,15,0,5,10,0,0,0,0,0,0,0,0
2013,CR,CRI,Costa Rica,ODB.2013.D1,D1 - Map,55,0,5,10,15,0,15,0,10,0,0,0
2013,CR,CRI,Costa Rica,ODB.2013.D2,D2 - Land,5,0,5,0,0,0,0,0,0,0,0,0
2013,CR,CRI,Costa Rica,ODB.2013.D3,D3 - Services,0,0,0,0,0,0,0,0,0,0,0,0
2013,CR,CRI,Costa Rica,ODB.2013.D4,D4 - Census,60,0,5,10,15,0,15,0,10,0,5,0
2013,CR,CRI,Costa Rica,ODB.2013.D5,D5 - Budget,55,0,5,10,15,0,15,0,10,0,0,0
2013,CR,CRI,Costa Rica,ODB.2013.D6,D6 - Spend,55,0,5,10,15,0,15,0,10,0,0,0
2013,CR,CRI,Costa Rica,ODB.2013.D7,D7 - Company,5,0,5,0,0,0,0,0,0,0,0,0
2013,CR,CRI,Costa Rica,ODB.2013.D8,D8 - Legislation,15,0,5,10,0,0,0,0,0,0,0,0
2013,CR,CRI,Costa Rica,ODB.2013.D9,D9 - Transport,0,0,0,0,0,0,0,0,0,0,0,0
2013,CR,CRI,Costa Rica,ODB.2013.D10,D10 - Trade,60,0,5,10,15,0,15,0,10,0,5,0
2013,CR,CRI,Costa Rica,ODB.2013.D11,D11 - Health,60,0,5,10,15,0,15,0,10,0,5,0
2013,CR,CRI,Costa Rica,ODB.2013.D12,D12 - Education,60,0,5,10,15,0,15,0,10,0,5,0
2013,CR,CRI,Costa Rica,ODB.2013.D13,D13 - Crime,0,0,0,0,0,0,0,0,0,0,0,0
2013,CR,CRI,Costa Rica,ODB.2013.D14,D14 - Environment,0,0,0,0,0,0,0,0,0,0,0,0
2013,CR,CRI,Costa Rica,ODB.2013.D15,D15 - Elections,75,0,5,10,15,15,15,0,10,0,5,0
2013,CZ,CZE,Czech Republic,ODB.2013.D1,D1 - Map,15,0,5,10,0,0,0,0,0,0,0,0
2013,CZ,CZE,Czech Republic,ODB.2013.D2,D2 - Land,15,0,5,10,0,0,0,0,0,0,0,0
2013,CZ,CZE,Czech Republic,ODB.2013.D3,D3 - Services,20,0,5,0,0,0,15,0,0,0,0,0
2013,CZ,CZE,Czech Republic,ODB.2013.D4,D4 - Census,75,0,5,10,15,15,15,0,10,0,5,0
2013,CZ,CZE,Czech Republic,ODB.2013.D5,D5 - Budget,50,0,5,10,15,0,15,0,0,5,0,0
2013,CZ,CZE,Czech Republic,ODB.2013.D6,D6 - Spend,5,0,5,0,0,0,0,0,0,0,0,0
2013,CZ,CZE,Czech Republic,ODB.2013.D7,D7 - Company,60,0,5,10,15,0,15,0,10,0,5,0
2013,CZ,CZE,Czech Republic,ODB.2013.D8,D8 - Legislation,5,0,5,0,0,0,0,0,0,0,0,0
2013,CZ,CZE,Czech Republic,ODB.2013.D9,D9 - Transport,5,0,5,0,0,0,0,0,0,0,0,0
2013,CZ,CZE,Czech Republic,ODB.2013.D10,D10 - Trade,75,0,5,10,15,15,15,0,10,0,5,0
2013,CZ,CZE,Czech Republic,ODB.2013.D11,D11 - Health,60,0,5,10,15,0,15,0,10,0,5,0
2013,CZ,CZE,Czech Republic,ODB.2013.D12,D12 - Education,75,0,5,10,15,15,15,0,10,0,5,0
2013,CZ,CZE,Czech Republic,ODB.2013.D13,D13 - Crime,50,0,5,10,15,0,15,0,0,0,5,0
2013,CZ,CZE,Czech Republic,ODB.2013.D14,D14 - Environment,60,0,5,10,15,0,15,0,10,0,5,0
2013,CZ,CZE,Czech Republic,ODB.2013.D15,D15 - Elections,15,0,5,10,0,0,0,0,0,0,0,0
2013,DK,DNK,Denmark,ODB.2013.D1,D1 - Map,95,1,5,10,15,15,15,15,10,5,5,0
2013,DK,DNK,Denmark,ODB.2013.D2,D2 - Land,15,0,5,10,0,0,0,0,0,0,0,0
2013,DK,DNK,Denmark,ODB.2013.D3,D3 - Services,65,0,5,10,0,0,15,15,10,5,5,0
2013,DK,DNK,Denmark,ODB.2013.D4,D4 - Census,80,0,5,10,15,0,15,15,10,5,5,0
2013,DK,DNK,Denmark,ODB.2013.D5,D5 - Budget,80,0,5,10,15,0,15,15,10,5,5,0
2013,DK,DNK,Denmark,ODB.2013.D6,D6 - Spend,80,0,5,10,15,0,15,15,10,5,5,0
2013,DK,DNK,Denmark,ODB.2013.D7,D7 - Company,95,1,5,10,15,15,15,15,10,5,5,0
2013,DK,DNK,Denmark,ODB.2013.D8,D8 - Legislation,15,0,5,10,0,0,0,0,0,0,0,0
2013,DK,DNK,Denmark,ODB.2013.D9,D9 - Transport,15,0,5,10,0,0,0,0,0,0,0,0
2013,DK,DNK,Denmark,ODB.2013.D10,D10 - Trade,80,0,5,10,15,0,15,15,10,5,5,0
2013,DK,DNK,Denmark,ODB.2013.D11,D11 - Health,80,0,5,10,15,15,15,0,10,5,5,0
2013,DK,DNK,Denmark,ODB.2013.D12,D12 - Education,80,0,5,10,15,0,15,15,10,5,5,0
2013,DK,DNK,Denmark,ODB.2013.D13,D13 - Crime,80,0,5,10,15,0,15,15,10,5,5,0
2013,DK,DNK,Denmark,ODB.2013.D14,D14 - Environment,75,0,5,10,15,15,15,0,10,5,0,0
2013,DK,DNK,Denmark,ODB.2013.D15,D15 - Elections,80,0,5,10,15,0,15,15,10,5,5,0
2013,EC,ECU,Ecuador,ODB.2013.D1,D1 - Map,60,0,5,10,15,0,15,0,10,0,5,0
2013,EC,ECU,Ecuador,ODB.2013.D2,D2 - Land,5,0,5,0,0,0,0,0,0,0,0,0
2013,EC,ECU,Ecuador,ODB.2013.D3,D3 - Services,45,0,5,10,0,0,15,0,10,0,5,0
2013,EC,ECU,Ecuador,ODB.2013.D4,D4 - Census,60,0,5,10,15,0,15,0,10,0,5,0
2013,EC,ECU,Ecuador,ODB.2013.D5,D5 - Budget,60,0,5,10,15,0,15,0,10,0,5,0
2013,EC,ECU,Ecuador,ODB.2013.D6,D6 - Spend,5,0,5,0,0,0,0,0,0,0,0,0
2013,EC,ECU,Ecuador,ODB.2013.D7,D7 - Company,50,0,5,10,15,0,15,0,0,0,5,0
2013,EC,ECU,Ecuador,ODB.2013.D8,D8 - Legislation,15,0,5,10,0,0,0,0,0,0,0,0
2013,EC,ECU,Ecuador,ODB.2013.D9,D9 - Transport,0,0,0,0,0,0,0,0,0,0,0,0
2013,EC,ECU,Ecuador,ODB.2013.D10,D10 - Trade,5,0,5,0,0,0,0,0,0,0,0,0
2013,EC,ECU,Ecuador,ODB.2013.D11,D11 - Health,5,0,5,0,0,0,0,0,0,0,0,0
2013,EC,ECU,Ecuador,ODB.2013.D12,D12 - Education,5,0,5,0,0,0,0,0,0,0,0,0
2013,EC,ECU,Ecuador,ODB.2013.D13,D13 - Crime,5,0,5,0,0,0,0,0,0,0,0,0
2013,EC,ECU,Ecuador,ODB.2013.D14,D14 - Environment,50,0,5,10,15,0,15,0,0,0,5,0
2013,EC,ECU,Ecuador,ODB.2013.D15,D15 - Elections,15,0,5,10,0,0,0,0,0,0,0,0
2013,EE,EST,Estonia,ODB.2013.D1,D1 - Map,15,0,5,10,0,0,0,0,0,0,0,0
2013,EE,EST,Estonia,ODB.2013.D2,D2 - Land,50,0,5,10,15,0,0,0,10,5,5,0
2013,EE,EST,Estonia,ODB.2013.D3,D3 - Services,45,0,5,10,0,0,15,0,10,5,0,0
2013,EE,EST,Estonia,ODB.2013.D4,D4 - Census,65,0,5,10,15,0,15,0,10,5,5,0
2013,EE,EST,Estonia,ODB.2013.D5,D5 - Budget,65,0,5,10,15,0,15,0,10,5,5,0
2013,EE,EST,Estonia,ODB.2013.D6,D6 - Spend,80,0,5,10,15,15,15,0,10,5,5,0
2013,EE,EST,Estonia,ODB.2013.D7,D7 - Company,40,0,5,10,15,0,0,0,0,5,5,0
2013,EE,EST,Estonia,ODB.2013.D8,D8 - Legislation,70,0,5,10,15,0,15,0,10,5,5,5
2013,EE,EST,Estonia,ODB.2013.D9,D9 - Transport,15,0,5,10,0,0,0,0,0,0,0,0
2013,EE,EST,Estonia,ODB.2013.D10,D10 - Trade,65,0,5,10,15,0,15,0,10,5,5,0
2013,EE,EST,Estonia,ODB.2013.D11,D11 - Health,65,0,5,10,15,0,15,0,10,5,5,0
2013,EE,EST,Estonia,ODB.2013.D12,D12 - Education,65,0,5,10,15,0,15,0,10,5,5,0
2013,EE,EST,Estonia,ODB.2013.D13,D13 - Crime,15,0,5,10,0,0,0,0,0,0,0,0
2013,EE,EST,Estonia,ODB.2013.D14,D14 - Environment,60,0,5,10,15,0,15,0,10,0,5,0
2013,EE,EST,Estonia,ODB.2013.D15,D15 - Elections,15,0,5,10,0,0,0,0,0,0,0,0
2013,ET,ETH,Ethiopia,ODB.2013.D1,D1 - Map,15,0,5,10,0,0,0,0,0,0,0,0
2013,ET,ETH,Ethiopia,ODB.2013.D2,D2 - Land,5,0,5,0,0,0,0,0,0,0,0,0
2013,ET,ETH,Ethiopia,ODB.2013.D3,D3 - Services,35,0,5,10,0,0,15,0,0,0,5,0
2013,ET,ETH,Ethiopia,ODB.2013.D4,D4 - Census,15,0,5,10,0,0,0,0,0,0,0,0
2013,ET,ETH,Ethiopia,ODB.2013.D5,D5 - Budget,55,0,5,10,15,0,15,0,10,0,0,0
2013,ET,ETH,Ethiopia,ODB.2013.D6,D6 - Spend,15,0,5,10,0,0,0,0,0,0,0,0
2013,ET,ETH,Ethiopia,ODB.2013.D7,D7 - Company,5,0,5,0,0,0,0,0,0,0,0,0
2013,ET,ETH,Ethiopia,ODB.2013.D8,D8 - Legislation,5,0,5,0,0,0,0,0,0,0,0,0
2013,ET,ETH,Ethiopia,ODB.2013.D9,D9 - Transport,0,0,0,0,0,0,0,0,0,0,0,0
2013,ET,ETH,Ethiopia,ODB.2013.D10,D10 - Trade,15,0,5,10,0,0,0,0,0,0,0,0
2013,ET,ETH,Ethiopia,ODB.2013.D11,D11 - Health,15,0,5,10,0,0,0,0,0,0,0,0
2013,ET,ETH,Ethiopia,ODB.2013.D12,D12 - Education,15,0,5,10,0,0,0,0,0,0,0,0
2013,ET,ETH,Ethiopia,ODB.2013.D13,D13 - Crime,15,0,5,10,0,0,0,0,0,0,0,0
2013,ET,ETH,Ethiopia,ODB.2013.D14,D14 - Environment,0,0,0,0,0,0,0,0,0,0,0,0
2013,ET,ETH,Ethiopia,ODB.2013.D15,D15 - Elections,15,0,5,10,0,0,0,0,0,0,0,0
2013,FI,FIN,Finland,ODB.2013.D1,D1 - Map,95,1,5,10,15,15,15,15,10,5,5,0
2013,FI,FIN,Finland,ODB.2013.D2,D2 - Land,15,0,5,10,0,0,0,0,0,0,0,0
2013,FI,FIN,Finland,ODB.2013.D3,D3 - Services,65,0,5,10,15,0,15,0,10,5,5,0
2013,FI,FIN,Finland,ODB.2013.D4,D4 - Census,50,0,5,10,15,0,0,0,10,5,5,0
2013,FI,FIN,Finland,ODB.2013.D5,D5 - Budget,15,0,5,10,0,0,0,0,0,0,0,0
2013,FI,FIN,Finland,ODB.2013.D6,D6 - Spend,5,0,5,0,0,0,0,0,0,0,0,0
2013,FI,FIN,Finland,ODB.2013.D7,D7 - Company,15,0,5,10,0,0,0,0,0,0,0,0
2013,FI,FIN,Finland,ODB.2013.D8,D8 - Legislation,15,0,5,10,0,0,0,0,0,0,0,0
2013,FI,FIN,Finland,ODB.2013.D9,D9 - Transport,80,0,5,10,15,15,15,0,10,5,5,0
2013,FI,FIN,Finland,ODB.2013.D10,D10 - Trade,65,0,5,10,15,0,15,0,10,5,5,0
2013,FI,FIN,Finland,ODB.2013.D11,D11 - Health,65,0,5,10,15,0,15,0,10,5,5,0
2013,FI,FIN,Finland,ODB.2013.D12,D12 - Education,15,0,5,10,0,0,0,0,0,0,0,0
2013,FI,FIN,Finland,ODB.2013.D13,D13 - Crime,65,0,5,10,15,0,15,0,10,5,5,0
2013,FI,FIN,Finland,ODB.2013.D14,D14 - Environment,15,0,5,10,0,0,0,0,0,0,0,0
2013,FI,FIN,Finland,ODB.2013.D15,D15 - Elections,65,0,5,10,15,0,15,0,10,5,5,0
2013,FR,FRA,France,ODB.2013.D1,D1 - Map,75,0,5,10,15,0,15,15,10,0,5,0
2013,FR,FRA,France,ODB.2013.D2,D2 - Land,5,0,5,0,0,0,0,0,0,0,0,0
2013,FR,FRA,France,ODB.2013.D3,D3 - Services,65,0,5,10,15,0,15,15,0,0,5,0
2013,FR,FRA,France,ODB.2013.D4,D4 - Census,80,0,5,10,15,0,15,15,10,5,0,5
2013,FR,FRA,France,ODB.2013.D5,D5 - Budget,95,1,5,10,15,15,15,15,10,5,5,0
2013,FR,FRA,France,ODB.2013.D6,D6 - Spend,5,0,5,0,0,0,0,0,0,0,0,0
2013,FR,FRA,France,ODB.2013.D7,D7 - Company,15,0,5,10,0,0,0,0,0,0,0,0
2013,FR,FRA,France,ODB.2013.D8,D8 - Legislation,15,0,5,10,0,0,0,0,0,0,0,0
2013,FR,FRA,France,ODB.2013.D9,D9 - Transport,90,1,5,10,15,15,15,15,10,0,5,0
2013,FR,FRA,France,ODB.2013.D10,D10 - Trade,90,1,5,10,15,15,15,15,10,0,5,0
2013,FR,FRA,France,ODB.2013.D11,D11 - Health,80,1,5,10,15,15,15,15,0,0,5,0
2013,FR,FRA,France,ODB.2013.D12,D12 - Education,80,0,5,10,15,0,15,15,10,5,5,0
2013,FR,FRA,France,ODB.2013.D13,D13 - Crime,90,1,5,10,15,15,15,15,10,0,5,0
2013,FR,FRA,France,ODB.2013.D14,D14 - Environment,60,0,5,10,15,0,15,15,0,0,0,0
2013,FR,FRA,France,ODB.2013.D15,D15 - Elections,95,1,5,10,15,15,15,15,10,5,5,0
2013,DE,DEU,Germany,ODB.2013.D1,D1 - Map,75,0,5,10,15,0,15,15,10,5,0,0
2013,DE,DEU,Germany,ODB.2013.D2,D2 - Land,5,0,5,0,0,0,0,0,0,0,0,0
2013,DE,DEU,Germany,ODB.2013.D3,D3 - Services,45,0,5,10,0,0,15,0,10,0,5,0
2013,DE,DEU,Germany,ODB.2013.D4,D4 - Census,60,0,5,10,15,0,15,0,10,0,5,0
2013,DE,DEU,Germany,ODB.2013.D5,D5 - Budget,95,1,5,10,15,15,15,15,10,5,5,0
2013,DE,DEU,Germany,ODB.2013.D6,D6 - Spend,15,0,5,10,0,0,0,0,0,0,0,0
2013,DE,DEU,Germany,ODB.2013.D7,D7 - Company,15,0,5,10,0,0,0,0,0,0,0,0
2013,DE,DEU,Germany,ODB.2013.D8,D8 - Legislation,85,0,5,10,15,0,15,15,10,5,5,5
2013,DE,DEU,Germany,ODB.2013.D9,D9 - Transport,90,1,5,10,15,15,15,15,10,5,0,0
2013,DE,DEU,Germany,ODB.2013.D10,D10 - Trade,80,0,5,10,15,0,15,15,10,5,5,0
2013,DE,DEU,Germany,ODB.2013.D11,D11 - Health,65,0,5,10,15,0,15,15,0,5,0,0
2013,DE,DEU,Germany,ODB.2013.D12,D12 - Education,80,0,5,10,15,0,15,15,10,5,5,0
2013,DE,DEU,Germany,ODB.2013.D13,D13 - Crime,60,0,5,10,15,0,15,0,10,0,5,0
2013,DE,DEU,Germany,ODB.2013.D14,D14 - Environment,60,0,5,10,15,0,15,0,10,0,5,0
2013,DE,DEU,Germany,ODB.2013.D15,D15 - Elections,75,0,5,10,15,0,15,15,10,5,0,0
2013,GH,GHA,Ghana,ODB.2013.D1,D1 - Map,0,0,0,0,0,0,0,0,0,0,0,0
2013,GH,GHA,Ghana,ODB.2013.D2,D2 - Land,0,0,0,0,0,0,0,0,0,0,0,0
2013,GH,GHA,Ghana,ODB.2013.D3,D3 - Services,35,0,5,10,0,0,15,0,0,0,5,0
2013,GH,GHA,Ghana,ODB.2013.D4,D4 - Census,60,0,5,10,15,0,15,0,10,0,5,0
2013,GH,GHA,Ghana,ODB.2013.D5,D5 - Budget,60,0,5,10,15,0,15,0,10,0,5,0
2013,GH,GHA,Ghana,ODB.2013.D6,D6 - Spend,5,0,5,0,0,0,0,0,0,0,0,0
2013,GH,GHA,Ghana,ODB.2013.D7,D7 - Company,5,0,5,0,0,0,0,0,0,0,0,0
2013,GH,GHA,Ghana,ODB.2013.D8,D8 - Legislation,5,0,5,0,0,0,0,0,0,0,0,0
2013,GH,GHA,Ghana,ODB.2013.D9,D9 - Transport,0,0,0,0,0,0,0,0,0,0,0,0
2013,GH,GHA,Ghana,ODB.2013.D10,D10 - Trade,5,0,5,0,0,0,0,0,0,0,0,0
2013,GH,GHA,Ghana,ODB.2013.D11,D11 - Health,50,0,5,10,15,0,15,0,0,0,5,0
2013,GH,GHA,Ghana,ODB.2013.D12,D12 - Education,60,0,5,10,15,0,15,0,10,0,5,0
2013,GH,GHA,Ghana,ODB.2013.D13,D13 - Crime,50,0,5,10,15,0,15,0,0,0,5,0
2013,GH,GHA,Ghana,ODB.2013.D14,D14 - Environment,5,0,5,0,0,0,0,0,0,0,0,0
2013,GH,GHA,Ghana,ODB.2013.D15,D15 - Elections,50,0,5,10,15,0,15,0,0,0,5,0
2013,GR,GRC,Greece,ODB.2013.D1,D1 - Map,60,0,5,10,15,0,15,15,0,0,0,0
2013,GR,GRC,Greece,ODB.2013.D2,D2 - Land,5,0,5,0,0,0,0,0,0,0,0,0
2013,GR,GRC,Greece,ODB.2013.D3,D3 - Services,25,0,5,10,0,0,0,0,10,0,0,0
2013,GR,GRC,Greece,ODB.2013.D4,D4 - Census,60,0,5,10,15,0,15,0,10,0,5,0
2013,GR,GRC,Greece,ODB.2013.D5,D5 - Budget,15,0,5,10,0,0,0,0,0,0,0,0
2013,GR,GRC,Greece,ODB.2013.D6,D6 - Spend,80,0,5,10,15,0,15,15,10,5,5,0
2013,GR,GRC,Greece,ODB.2013.D7,D7 - Company,5,0,5,0,0,0,0,0,0,0,0,0
2013,GR,GRC,Greece,ODB.2013.D8,D8 - Legislation,15,0,5,10,0,0,0,0,0,0,0,0
2013,GR,GRC,Greece,ODB.2013.D9,D9 - Transport,15,0,5,10,0,0,0,0,0,0,0,0
2013,GR,GRC,Greece,ODB.2013.D10,D10 - Trade,15,0,5,10,0,0,0,0,0,0,0,0
2013,GR,GRC,Greece,ODB.2013.D11,D11 - Health,45,0,5,10,15,0,15,0,0,0,0,0
2013,GR,GRC,Greece,ODB.2013.D12,D12 - Education,5,0,5,0,0,0,0,0,0,0,0,0
2013,GR,GRC,Greece,ODB.2013.D13,D13 - Crime,60,0,5,10,15,0,15,0,10,0,5,0
2013,GR,GRC,Greece,ODB.2013.D14,D14 - Environment,15,0,5,10,0,0,0,0,0,0,0,0
2013,GR,GRC,Greece,ODB.2013.D15,D15 - Elections,15,0,5,10,0,0,0,0,0,0,0,0
2013,HU,HUN,Hungary,ODB.2013.D1,D1 - Map,15,0,5,10,0,0,0,0,0,0,0,0
2013,HU,HUN,Hungary,ODB.2013.D2,D2 - Land,15,0,5,10,0,0,0,0,0,0,0,0
2013,HU,HUN,Hungary,ODB.2013.D3,D3 - Services,45,0,5,10,0,0,15,0,10,0,5,0
2013,HU,HUN,Hungary,ODB.2013.D4,D4 - Census,60,0,5,10,15,0,15,0,10,0,5,0
2013,HU,HUN,Hungary,ODB.2013.D5,D5 - Budget,15,0,5,10,0,0,0,0,0,0,0,0
2013,HU,HUN,Hungary,ODB.2013.D6,D6 - Spend,0,0,0,0,0,0,0,0,0,0,0,0
2013,HU,HUN,Hungary,ODB.2013.D7,D7 - Company,15,0,5,10,0,0,0,0,0,0,0,0
2013,HU,HUN,Hungary,ODB.2013.D8,D8 - Legislation,15,0,5,10,0,0,0,0,0,0,0,0
2013,HU,HUN,Hungary,ODB.2013.D9,D9 - Transport,65,0,5,10,15,15,15,0,0,0,5,0
2013,HU,HUN,Hungary,ODB.2013.D10,D10 - Trade,55,0,5,10,15,0,15,0,10,0,0,0
2013,HU,HUN,Hungary,ODB.2013.D11,D11 - Health,15,0,5,10,0,0,0,0,0,0,0,0
2013,HU,HUN,Hungary,ODB.2013.D12,D12 - Education,15,0,5,10,0,0,0,0,0,0,0,0
2013,HU,HUN,Hungary,ODB.2013.D13,D13 - Crime,60,0,5,10,15,0,15,0,10,0,5,0
2013,HU,HUN,Hungary,ODB.2013.D14,D14 - Environment,60,0,5,10,15,0,15,0,10,0,5,0
2013,HU,HUN,Hungary,ODB.2013.D15,D15 - Elections,15,0,5,10,0,0,0,0,0,0,0,0
2013,IS,ISL,Iceland,ODB.2013.D1,D1 - Map,95,1,5,10,15,15,15,15,10,5,5,0
2013,IS,ISL,Iceland,ODB.2013.D2,D2 - Land,55,0,5,10,15,15,0,0,10,0,0,0
2013,IS,ISL,Iceland,ODB.2013.D3,D3 - Services,50,0,5,10,0,0,15,0,10,5,5,0
2013,IS,ISL,Iceland,ODB.2013.D4,D4 - Census,80,0,5,10,15,15,15,0,10,5,5,0
2013,IS,ISL,Iceland,ODB.2013.D5,D5 - Budget,15,0,5,10,0,0,0,0,0,0,0,0
2013,IS,ISL,Iceland,ODB.2013.D6,D6 - Spend,5,0,5,0,0,0,0,0,0,0,0,0
2013,IS,ISL,Iceland,ODB.2013.D7,D7 - Company,60,0,5,10,15,15,0,0,10,5,0,0
2013,IS,ISL,Iceland,ODB.2013.D8,D8 - Legislation,15,0,5,10,0,0,0,0,0,0,0,0
2013,IS,ISL,Iceland,ODB.2013.D9,D9 - Transport,15,0,5,10,0,0,0,0,0,0,0,0
2013,IS,ISL,Iceland,ODB.2013.D10,D10 - Trade,65,0,5,10,15,0,15,0,10,5,5,0
2013,IS,ISL,Iceland,ODB.2013.D11,D11 - Health,65,0,5,10,15,0,15,0,10,5,5,0
2013,IS,ISL,Iceland,ODB.2013.D12,D12 - Education,65,0,5,10,15,0,15,0,10,5,5,0
2013,IS,ISL,Iceland,ODB.2013.D13,D13 - Crime,65,0,5,10,15,0,15,0,10,5,5,0
2013,IS,ISL,Iceland,ODB.2013.D14,D14 - Environment,65,0,5,10,15,0,15,0,10,5,5,0
2013,IS,ISL,Iceland,ODB.2013.D15,D15 - Elections,65,0,5,10,15,0,15,0,10,5,5,0
2013,IN,IND,India,ODB.2013.D1,D1 - Map,5,0,5,0,0,0,0,0,0,0,0,0
2013,IN,IND,India,ODB.2013.D2,D2 - Land,0,0,0,0,0,0,0,0,0,0,0,0
2013,IN,IND,India,ODB.2013.D3,D3 - Services,35,0,5,10,0,0,15,0,0,0,5,0
2013,IN,IND,India,ODB.2013.D4,D4 - Census,65,0,5,10,15,0,15,0,10,5,5,0
2013,IN,IND,India,ODB.2013.D5,D5 - Budget,65,0,5,10,15,0,15,0,10,5,5,0
2013,IN,IND,India,ODB.2013.D6,D6 - Spend,15,0,5,10,0,0,0,0,0,0,0,0
2013,IN,IND,India,ODB.2013.D7,D7 - Company,15,0,5,10,0,0,0,0,0,0,0,0
2013,IN,IND,India,ODB.2013.D8,D8 - Legislation,15,0,5,10,0,0,0,0,0,0,0,0
2013,IN,IND,India,ODB.2013.D9,D9 - Transport,15,0,5,10,0,0,0,0,0,0,0,0
2013,IN,IND,India,ODB.2013.D10,D10 - Trade,65,0,5,10,15,0,15,0,10,5,5,0
2013,IN,IND,India,ODB.2013.D11,D11 - Health,65,0,5,10,15,0,15,0,10,5,5,0
2013,IN,IND,India,ODB.2013.D12,D12 - Education,65,0,5,10,15,0,15,0,10,5,5,0
2013,IN,IND,India,ODB.2013.D13,D13 - Crime,15,0,5,10,0,0,0,0,0,0,0,0
2013,IN,IND,India,ODB.2013.D14,D14 - Environment,65,0,5,10,15,0,15,0,10,5,5,0
2013,IN,IND,India,ODB.2013.D15,D15 - Elections,15,0,5,10,0,0,0,0,0,0,0,0
2013,ID,IDN,Indonesia,ODB.2013.D1,D1 - Map,15,0,5,10,0,0,0,0,0,0,0,0
2013,ID,IDN,Indonesia,ODB.2013.D2,D2 - Land,15,0,5,10,0,0,0,0,0,0,0,0
2013,ID,IDN,Indonesia,ODB.2013.D3,D3 - Services,35,0,5,10,0,0,15,0,0,0,5,0
2013,ID,IDN,Indonesia,ODB.2013.D4,D4 - Census,60,0,5,10,15,0,15,0,10,0,5,0
2013,ID,IDN,Indonesia,ODB.2013.D5,D5 - Budget,15,0,5,10,0,0,0,0,0,0,0,0
2013,ID,IDN,Indonesia,ODB.2013.D6,D6 - Spend,15,0,5,10,0,0,0,0,0,0,0,0
2013,ID,IDN,Indonesia,ODB.2013.D7,D7 - Company,15,0,5,10,0,0,0,0,0,0,0,0
2013,ID,IDN,Indonesia,ODB.2013.D8,D8 - Legislation,15,0,5,10,0,0,0,0,0,0,0,0
2013,ID,IDN,Indonesia,ODB.2013.D9,D9 - Transport,5,0,5,0,0,0,0,0,0,0,0,0
2013,ID,IDN,Indonesia,ODB.2013.D10,D10 - Trade,5,0,5,0,0,0,0,0,0,0,0,0
2013,ID,IDN,Indonesia,ODB.2013.D11,D11 - Health,15,0,5,10,0,0,0,0,0,0,0,0
2013,ID,IDN,Indonesia,ODB.2013.D12,D12 - Education,60,0,5,10,15,0,15,0,10,0,5,0
2013,ID,IDN,Indonesia,ODB.2013.D13,D13 - Crime,50,0,5,10,15,0,15,0,0,0,5,0
2013,ID,IDN,Indonesia,ODB.2013.D14,D14 - Environment,15,0,5,10,0,0,0,0,0,0,0,0
2013,ID,IDN,Indonesia,ODB.2013.D15,D15 - Elections,15,0,5,10,0,0,0,0,0,0,0,0
2013,IE,IRL,Ireland,ODB.2013.D1,D1 - Map,5,0,5,0,0,0,0,0,0,0,0,0
2013,IE,IRL,Ireland,ODB.2013.D2,D2 - Land,5,0,5,0,0,0,0,0,0,0,0,0
2013,IE,IRL,Ireland,ODB.2013.D3,D3 - Services,45,0,5,10,0,0,15,0,10,0,5,0
2013,IE,IRL,Ireland,ODB.2013.D4,D4 - Census,75,0,5,10,15,15,15,0,10,0,5,0
2013,IE,IRL,Ireland,ODB.2013.D5,D5 - Budget,15,0,5,10,0,0,0,0,0,0,0,0
2013,IE,IRL,Ireland,ODB.2013.D6,D6 - Spend,60,0,5,10,15,0,15,0,10,0,5,0
2013,IE,IRL,Ireland,ODB.2013.D7,D7 - Company,45,0,5,10,15,0,0,0,10,0,5,0
2013,IE,IRL,Ireland,ODB.2013.D8,D8 - Legislation,15,0,5,10,0,0,0,0,0,0,0,0
2013,IE,IRL,Ireland,ODB.2013.D9,D9 - Transport,5,0,5,0,0,0,0,0,0,0,0,0
2013,IE,IRL,Ireland,ODB.2013.D10,D10 - Trade,50,0,5,10,15,0,15,0,0,0,5,0
2013,IE,IRL,Ireland,ODB.2013.D11,D11 - Health,15,0,5,10,0,0,0,0,0,0,0,0
2013,IE,IRL,Ireland,ODB.2013.D12,D12 - Education,55,0,5,10,15,0,15,0,10,0,0,0
2013,IE,IRL,Ireland,ODB.2013.D13,D13 - Crime,60,0,5,10,15,0,15,0,10,0,5,0
2013,IE,IRL,Ireland,ODB.2013.D14,D14 - Environment,60,0,5,10,15,0,15,0,10,0,5,0
2013,IE,IRL,Ireland,ODB.2013.D15,D15 - Elections,5,0,5,0,0,0,0,0,0,0,0,0
2013,IL,ISR,Israel,ODB.2013.D1,D1 - Map,15,0,5,10,0,0,0,0,0,0,0,0
2013,IL,ISR,Israel,ODB.2013.D2,D2 - Land,15,0,5,10,0,0,0,0,0,0,0,0
2013,IL,ISR,Israel,ODB.2013.D3,D3 - Services,50,0,5,10,0,0,15,0,10,5,5,0
2013,IL,ISR,Israel,ODB.2013.D4,D4 - Census,55,0,5,10,15,0,15,0,0,5,5,0
2013,IL,ISR,Israel,ODB.2013.D5,D5 - Budget,80,0,5,10,15,15,15,0,10,5,5,0
2013,IL,ISR,Israel,ODB.2013.D6,D6 - Spend,75,0,5,10,15,15,15,0,10,5,0,0
2013,IL,ISR,Israel,ODB.2013.D7,D7 - Company,15,0,5,10,0,0,0,0,0,0,0,0
2013,IL,ISR,Israel,ODB.2013.D8,D8 - Legislation,15,0,5,10,0,0,0,0,0,0,0,0
2013,IL,ISR,Israel,ODB.2013.D9,D9 - Transport,80,0,5,10,15,15,15,0,10,5,5,0
2013,IL,ISR,Israel,ODB.2013.D10,D10 - Trade,75,0,5,10,15,15,15,0,10,5,0,0
2013,IL,ISR,Israel,ODB.2013.D11,D11 - Health,15,0,5,10,0,0,0,0,0,0,0,0
2013,IL,ISR,Israel,ODB.2013.D12,D12 - Education,15,0,5,10,0,0,0,0,0,0,0,0
2013,IL,ISR,Israel,ODB.2013.D13,D13 - Crime,45,0,5,10,15,0,15,0,0,0,0,0
2013,IL,ISR,Israel,ODB.2013.D14,D14 - Environment,60,0,5,10,15,0,15,0,10,5,0,0
2013,IL,ISR,Israel,ODB.2013.D15,D15 - Elections,80,0,5,10,15,15,15,0,10,5,5,0
2013,IT,ITA,Italy,ODB.2013.D1,D1 - Map,50,0,5,10,15,0,15,0,0,0,5,0
2013,IT,ITA,Italy,ODB.2013.D2,D2 - Land,15,0,5,10,0,0,0,0,0,0,0,0
2013,IT,ITA,Italy,ODB.2013.D3,D3 - Services,95,1,5,10,15,15,15,15,10,5,5,0
2013,IT,ITA,Italy,ODB.2013.D4,D4 - Census,60,0,5,10,15,0,15,0,10,0,5,0
2013,IT,ITA,Italy,ODB.2013.D5,D5 - Budget,95,1,5,10,15,15,15,15,10,5,5,0
2013,IT,ITA,Italy,ODB.2013.D6,D6 - Spend,95,1,5,10,15,15,15,15,10,5,5,0
2013,IT,ITA,Italy,ODB.2013.D7,D7 - Company,15,0,5,10,0,0,0,0,0,0,0,0
2013,IT,ITA,Italy,ODB.2013.D8,D8 - Legislation,60,0,5,10,15,0,15,0,10,0,5,0
2013,IT,ITA,Italy,ODB.2013.D9,D9 - Transport,15,0,5,10,0,0,0,0,0,0,0,0
2013,IT,ITA,Italy,ODB.2013.D10,D10 - Trade,15,0,5,10,0,0,0,0,0,0,0,0
2013,IT,ITA,Italy,ODB.2013.D11,D11 - Health,5,0,5,0,0,0,0,0,0,0,0,0
2013,IT,ITA,Italy,ODB.2013.D12,D12 - Education,95,1,5,10,15,15,15,15,10,5,5,0
2013,IT,ITA,Italy,ODB.2013.D13,D13 - Crime,50,0,5,10,15,0,15,0,0,0,5,0
2013,IT,ITA,Italy,ODB.2013.D14,D14 - Environment,15,0,5,10,0,0,0,0,0,0,0,0
2013,IT,ITA,Italy,ODB.2013.D15,D15 - Elections,15,0,5,10,0,0,0,0,0,0,0,0
2013,JM,JAM,Jamaica,ODB.2013.D1,D1 - Map,15,0,5,10,0,0,0,0,0,0,0,0
2013,JM,JAM,Jamaica,ODB.2013.D2,D2 - Land,15,0,5,10,0,0,0,0,0,0,0,0
2013,JM,JAM,Jamaica,ODB.2013.D3,D3 - Services,35,0,5,10,0,0,15,0,0,0,5,0
2013,JM,JAM,Jamaica,ODB.2013.D4,D4 - Census,15,0,5,10,0,0,0,0,0,0,0,0
2013,JM,JAM,Jamaica,ODB.2013.D5,D5 - Budget,15,0,5,10,0,0,0,0,0,0,0,0
2013,JM,JAM,Jamaica,ODB.2013.D6,D6 - Spend,5,0,5,0,0,0,0,0,0,0,0,0
2013,JM,JAM,Jamaica,ODB.2013.D7,D7 - Company,15,0,5,10,0,0,0,0,0,0,0,0
2013,JM,JAM,Jamaica,ODB.2013.D8,D8 - Legislation,15,0,5,10,0,0,0,0,0,0,0,0
2013,JM,JAM,Jamaica,ODB.2013.D9,D9 - Transport,0,0,0,0,0,0,0,0,0,0,0,0
2013,JM,JAM,Jamaica,ODB.2013.D10,D10 - Trade,5,0,5,0,0,0,0,0,0,0,0,0
2013,JM,JAM,Jamaica,ODB.2013.D11,D11 - Health,75,0,5,10,15,15,15,0,10,5,0,0
2013,JM,JAM,Jamaica,ODB.2013.D12,D12 - Education,75,0,5,10,15,15,15,0,10,5,0,0
2013,JM,JAM,Jamaica,ODB.2013.D13,D13 - Crime,75,0,5,10,15,15,15,0,10,5,0,0
2013,JM,JAM,Jamaica,ODB.2013.D14,D14 - Environment,45,0,5,10,15,0,15,0,0,0,0,0
2013,JM,JAM,Jamaica,ODB.2013.D15,D15 - Elections,15,0,5,10,0,0,0,0,0,0,0,0
2013,JP,JPN,Japan,ODB.2013.D1,D1 - Map,15,0,5,10,0,0,0,0,0,0,0,0
2013,JP,JPN,Japan,ODB.2013.D2,D2 - Land,0,0,0,0,0,0,0,0,0,0,0,0
2013,JP,JPN,Japan,ODB.2013.D4,D4 - Census,80,0,5,10,15,15,15,0,10,5,5,0
2013,JP,JPN,Japan,ODB.2013.D3,D3 - Services,70,0,5,10,15,0,15,0,10,5,5,5
2013,JP,JPN,Japan,ODB.2013.D5,D5 - Budget,65,0,5,10,15,0,15,0,10,5,5,0
2013,JP,JPN,Japan,ODB.2013.D6,D6 - Spend,45,0,5,10,15,0,15,0,0,0,0,0
2013,JP,JPN,Japan,ODB.2013.D7,D7 - Company,15,0,5,10,0,0,0,0,0,0,0,0
2013,JP,JPN,Japan,ODB.2013.D8,D8 - Legislation,80,0,5,10,15,15,15,0,10,5,5,0
2013,JP,JPN,Japan,ODB.2013.D9,D9 - Transport,15,0,5,10,0,0,0,0,0,0,0,0
2013,JP,JPN,Japan,ODB.2013.D10,D10 - Trade,65,0,5,10,15,0,15,0,10,5,5,0
2013,JP,JPN,Japan,ODB.2013.D11,D11 - Health,65,0,5,10,15,0,15,0,10,5,5,0
2013,JP,JPN,Japan,ODB.2013.D12,D12 - Education,65,0,5,10,15,0,15,0,10,5,5,0
2013,JP,JPN,Japan,ODB.2013.D13,D13 - Crime,15,0,5,10,0,0,0,0,0,0,0,0
2013,JP,JPN,Japan,ODB.2013.D14,D14 - Environment,65,0,5,10,15,0,15,0,10,5,5,0
2013,JP,JPN,Japan,ODB.2013.D15,D15 - Elections,65,0,5,10,15,0,15,0,10,5,5,0
2013,JO,JOR,Jordan,ODB.2013.D1,D1 - Map,15,0,5,10,0,0,0,0,0,0,0,0
2013,JO,JOR,Jordan,ODB.2013.D2,D2 - Land,15,0,5,10,0,0,0,0,0,0,0,0
2013,JO,JOR,Jordan,ODB.2013.D3,D3 - Services,50,0,5,10,0,0,15,0,10,5,5,0
2013,JO,JOR,Jordan,ODB.2013.D4,D4 - Census,15,0,5,10,0,0,0,0,0,0,0,0
2013,JO,JOR,Jordan,ODB.2013.D5,D5 - Budget,15,0,5,10,0,0,0,0,0,0,0,0
2013,JO,JOR,Jordan,ODB.2013.D6,D6 - Spend,5,0,5,0,0,0,0,0,0,0,0,0
2013,JO,JOR,Jordan,ODB.2013.D7,D7 - Company,15,0,5,10,0,0,0,0,0,0,0,0
2013,JO,JOR,Jordan,ODB.2013.D8,D8 - Legislation,15,0,5,10,0,0,0,0,0,0,0,0
2013,JO,JOR,Jordan,ODB.2013.D9,D9 - Transport,0,0,0,0,0,0,0,0,0,0,0,0
2013,JO,JOR,Jordan,ODB.2013.D10,D10 - Trade,15,0,5,10,0,0,0,0,0,0,0,0
2013,JO,JOR,Jordan,ODB.2013.D11,D11 - Health,15,0,5,10,0,0,0,0,0,0,0,0
2013,JO,JOR,Jordan,ODB.2013.D12,D12 - Education,15,0,5,10,0,0,0,0,0,0,0,0
2013,JO,JOR,Jordan,ODB.2013.D13,D13 - Crime,5,0,5,0,0,0,0,0,0,0,0,0
2013,JO,JOR,Jordan,ODB.2013.D14,D14 - Environment,15,0,5,10,0,0,0,0,0,0,0,0
2013,JO,JOR,Jordan,ODB.2013.D15,D15 - Elections,5,0,5,0,0,0,0,0,0,0,0,0
2013,KZ,KAZ,Kazakhstan,ODB.2013.D1,D1 - Map,0,0,0,0,0,0,0,0,0,0,0,0
2013,KZ,KAZ,Kazakhstan,ODB.2013.D2,D2 - Land,15,0,5,10,0,0,0,0,0,0,0,0
2013,KZ,KAZ,Kazakhstan,ODB.2013.D3,D3 - Services,45,0,5,10,0,0,15,0,10,0,5,0
2013,KZ,KAZ,Kazakhstan,ODB.2013.D4,D4 - Census,15,0,5,10,0,0,0,0,0,0,0,0
2013,KZ,KAZ,Kazakhstan,ODB.2013.D5,D5 - Budget,5,0,5,0,0,0,0,0,0,0,0,0
2013,KZ,KAZ,Kazakhstan,ODB.2013.D6,D6 - Spend,15,0,5,10,0,0,0,0,0,0,0,0
2013,KZ,KAZ,Kazakhstan,ODB.2013.D7,D7 - Company,65,0,5,10,15,0,15,0,10,5,5,0
2013,KZ,KAZ,Kazakhstan,ODB.2013.D8,D8 - Legislation,15,0,5,10,0,0,0,0,0,0,0,0
2013,KZ,KAZ,Kazakhstan,ODB.2013.D9,D9 - Transport,15,0,5,10,0,0,0,0,0,0,0,0
2013,KZ,KAZ,Kazakhstan,ODB.2013.D10,D10 - Trade,65,0,5,10,15,0,15,0,10,5,5,0
2013,KZ,KAZ,Kazakhstan,ODB.2013.D11,D11 - Health,65,0,5,10,15,0,15,0,10,5,5,0
2013,KZ,KAZ,Kazakhstan,ODB.2013.D12,D12 - Education,65,0,5,10,15,0,15,0,10,5,5,0
2013,KZ,KAZ,Kazakhstan,ODB.2013.D13,D13 - Crime,45,0,5,10,15,0,15,0,0,0,0,0
2013,KZ,KAZ,Kazakhstan,ODB.2013.D14,D14 - Environment,65,0,5,10,15,0,15,0,10,5,5,0
2013,KZ,KAZ,Kazakhstan,ODB.2013.D15,D15 - Elections,15,0,5,10,0,0,0,0,0,0,0,0
2013,KE,KEN,Kenya,ODB.2013.D1,D1 - Map,15,0,5,10,0,0,0,0,0,0,0,0
2013,KE,KEN,Kenya,ODB.2013.D2,D2 - Land,5,0,5,0,0,0,0,0,0,0,0,0
2013,KE,KEN,Kenya,ODB.2013.D3,D3 - Services,35,0,5,10,0,0,15,0,0,0,5,0
2013,KE,KEN,Kenya,ODB.2013.D4,D4 - Census,80,0,5,10,15,0,15,15,10,5,5,0
2013,KE,KEN,Kenya,ODB.2013.D5,D5 - Budget,85,1,5,10,15,15,15,15,0,5,5,0
2013,KE,KEN,Kenya,ODB.2013.D6,D6 - Spend,85,1,5,10,15,15,15,15,0,5,5,0
2013,KE,KEN,Kenya,ODB.2013.D7,D7 - Company,0,0,0,0,0,0,0,0,0,0,0,0
2013,KE,KEN,Kenya,ODB.2013.D8,D8 - Legislation,15,0,5,10,0,0,0,0,0,0,0,0
2013,KE,KEN,Kenya,ODB.2013.D9,D9 - Transport,85,1,5,10,15,15,15,15,0,5,5,0
2013,KE,KEN,Kenya,ODB.2013.D10,D10 - Trade,15,0,5,10,0,0,0,0,0,0,0,0
2013,KE,KEN,Kenya,ODB.2013.D11,D11 - Health,70,0,5,10,15,0,15,15,0,5,5,0
2013,KE,KEN,Kenya,ODB.2013.D12,D12 - Education,70,0,5,10,15,0,15,15,0,5,5,0
2013,KE,KEN,Kenya,ODB.2013.D13,D13 - Crime,85,1,5,10,15,15,15,15,0,5,5,0
2013,KE,KEN,Kenya,ODB.2013.D14,D14 - Environment,15,0,5,10,0,0,0,0,0,0,0,0
2013,KE,KEN,Kenya,ODB.2013.D15,D15 - Elections,15,0,5,10,0,0,0,0,0,0,0,0
2013,KR,KOR,"Korea, Republic of",ODB.2013.D1,D1 - Map,65,0,5,10,15,15,0,0,10,5,5,0
2013,KR,KOR,"Korea, Republic of",ODB.2013.D2,D2 - Land,55,0,5,10,15,0,15,0,0,5,5,0
2013,KR,KOR,"Korea, Republic of",ODB.2013.D3,D3 - Services,85,0,5,10,15,0,15,15,10,5,5,5
2013,KR,KOR,"Korea, Republic of",ODB.2013.D4,D4 - Census,65,0,5,10,15,0,15,0,10,5,5,0
2013,KR,KOR,"Korea, Republic of",ODB.2013.D5,D5 - Budget,50,0,5,10,15,0,0,0,10,5,5,0
2013,KR,KOR,"Korea, Republic of",ODB.2013.D6,D6 - Spend,50,0,5,10,15,0,0,0,10,5,5,0
2013,KR,KOR,"Korea, Republic of",ODB.2013.D7,D7 - Company,65,0,5,10,15,15,0,0,10,5,5,0
2013,KR,KOR,"Korea, Republic of",ODB.2013.D8,D8 - Legislation,65,0,5,10,15,15,0,0,10,5,5,0
2013,KR,KOR,"Korea, Republic of",ODB.2013.D9,D9 - Transport,15,0,5,10,0,0,0,0,0,0,0,0
2013,KR,KOR,"Korea, Republic of",ODB.2013.D10,D10 - Trade,65,0,5,10,15,0,15,0,10,5,5,0
2013,KR,KOR,"Korea, Republic of",ODB.2013.D11,D11 - Health,15,0,5,10,0,0,0,0,0,0,0,0
2013,KR,KOR,"Korea, Republic of",ODB.2013.D12,D12 - Education,65,0,5,10,15,0,15,0,10,5,5,0
2013,KR,KOR,"Korea, Republic of",ODB.2013.D13,D13 - Crime,65,0,5,10,15,0,15,0,10,5,5,0
2013,KR,KOR,"Korea, Republic of",ODB.2013.D14,D14 - Environment,50,0,5,10,15,0,0,0,10,5,5,0
2013,KR,KOR,"Korea, Republic of",ODB.2013.D15,D15 - Elections,65,0,5,10,15,0,15,0,10,5,5,0
2013,MW,MWI,Malawi,ODB.2013.D1,D1 - Map,15,0,5,10,0,0,0,0,0,0,0,0
2013,MW,MWI,Malawi,ODB.2013.D2,D2 - Land,0,0,0,0,0,0,0,0,0,0,0,0
2013,MW,MWI,Malawi,ODB.2013.D3,D3 - Services,35,0,5,10,0,0,15,0,0,0,5,0
2013,MW,MWI,Malawi,ODB.2013.D4,D4 - Census,60,0,5,10,15,0,15,0,10,0,5,0
2013,MW,MWI,Malawi,ODB.2013.D5,D5 - Budget,15,0,5,10,0,0,0,0,0,0,0,0
2013,MW,MWI,Malawi,ODB.2013.D6,D6 - Spend,15,0,5,10,0,0,0,0,0,0,0,0
2013,MW,MWI,Malawi,ODB.2013.D7,D7 - Company,5,0,5,0,0,0,0,0,0,0,0,0
2013,MW,MWI,Malawi,ODB.2013.D8,D8 - Legislation,15,0,5,10,0,0,0,0,0,0,0,0
2013,MW,MWI,Malawi,ODB.2013.D9,D9 - Transport,0,0,0,0,0,0,0,0,0,0,0,0
2013,MW,MWI,Malawi,ODB.2013.D10,D10 - Trade,15,0,5,10,0,0,0,0,0,0,0,0
2013,MW,MWI,Malawi,ODB.2013.D11,D11 - Health,15,0,5,10,0,0,0,0,0,0,0,0
2013,MW,MWI,Malawi,ODB.2013.D12,D12 - Education,15,0,5,10,0,0,0,0,0,0,0,0
2013,MW,MWI,Malawi,ODB.2013.D13,D13 - Crime,5,0,5,0,0,0,0,0,0,0,0,0
2013,MW,MWI,Malawi,ODB.2013.D14,D14 - Environment,15,0,5,10,0,0,0,0,0,0,0,0
2013,MW,MWI,Malawi,ODB.2013.D15,D15 - Elections,15,0,5,10,0,0,0,0,0,0,0,0
2013,ML,MLI,Mali,ODB.2013.D1,D1 - Map,0,0,0,0,0,0,0,0,0,0,0,0
2013,ML,MLI,Mali,ODB.2013.D2,D2 - Land,0,0,0,0,0,0,0,0,0,0,0,0
2013,ML,MLI,Mali,ODB.2013.D3,D3 - Services,0,0,0,0,0,0,0,0,0,0,0,0
2013,ML,MLI,Mali,ODB.2013.D4,D4 - Census,15,0,5,10,0,0,0,0,0,0,0,0
2013,ML,MLI,Mali,ODB.2013.D5,D5 - Budget,15,0,5,10,0,0,0,0,0,0,0,0
2013,ML,MLI,Mali,ODB.2013.D6,D6 - Spend,0,0,0,0,0,0,0,0,0,0,0,0
2013,ML,MLI,Mali,ODB.2013.D7,D7 - Company,0,0,0,0,0,0,0,0,0,0,0,0
2013,ML,MLI,Mali,ODB.2013.D8,D8 - Legislation,15,0,5,10,0,0,0,0,0,0,0,0
2013,ML,MLI,Mali,ODB.2013.D9,D9 - Transport,0,0,0,0,0,0,0,0,0,0,0,0
2013,ML,MLI,Mali,ODB.2013.D10,D10 - Trade,15,0,5,10,0,0,0,0,0,0,0,0
2013,ML,MLI,Mali,ODB.2013.D11,D11 - Health,0,0,0,0,0,0,0,0,0,0,0,0
2013,ML,MLI,Mali,ODB.2013.D12,D12 - Education,0,0,0,0,0,0,0,0,0,0,0,0
2013,ML,MLI,Mali,ODB.2013.D13,D13 - Crime,0,0,0,0,0,0,0,0,0,0,0,0
2013,ML,MLI,Mali,ODB.2013.D14,D14 - Environment,0,0,0,0,0,0,0,0,0,0,0,0
2013,ML,MLI,Mali,ODB.2013.D15,D15 - Elections,0,0,0,0,0,0,0,0,0,0,0,0
2013,MU,MUS,Mauritius,ODB.2013.D1,D1 - Map,15,0,5,10,0,0,0,0,0,0,0,0
2013,MU,MUS,Mauritius,ODB.2013.D2,D2 - Land,5,0,5,0,0,0,0,0,0,0,0,0
2013,MU,MUS,Mauritius,ODB.2013.D3,D3 - Services,45,0,5,10,0,0,15,0,10,0,5,0
2013,MU,MUS,Mauritius,ODB.2013.D4,D4 - Census,5,0,5,0,0,0,0,0,0,0,0,0
2013,MU,MUS,Mauritius,ODB.2013.D5,D5 - Budget,55,0,5,10,15,0,15,0,10,0,0,0
2013,MU,MUS,Mauritius,ODB.2013.D6,D6 - Spend,5,0,5,0,0,0,0,0,0,0,0,0
2013,MU,MUS,Mauritius,ODB.2013.D7,D7 - Company,15,0,5,10,0,0,0,0,0,0,0,0
2013,MU,MUS,Mauritius,ODB.2013.D8,D8 - Legislation,15,0,5,10,0,0,0,0,0,0,0,0
2013,MU,MUS,Mauritius,ODB.2013.D9,D9 - Transport,15,0,5,10,0,0,0,0,0,0,0,0
2013,MU,MUS,Mauritius,ODB.2013.D10,D10 - Trade,60,0,5,10,15,0,15,0,10,0,5,0
2013,MU,MUS,Mauritius,ODB.2013.D11,D11 - Health,15,0,5,10,0,0,0,0,0,0,0,0
2013,MU,MUS,Mauritius,ODB.2013.D12,D12 - Education,60,0,5,10,15,0,15,0,10,0,5,0
2013,MU,MUS,Mauritius,ODB.2013.D13,D13 - Crime,60,0,5,10,15,0,15,0,10,0,5,0
2013,MU,MUS,Mauritius,ODB.2013.D14,D14 - Environment,60,0,5,10,15,0,15,0,10,0,5,0
2013,MU,MUS,Mauritius,ODB.2013.D15,D15 - Elections,60,0,5,10,15,0,15,0,10,0,5,0
2013,MX,MEX,Mexico,ODB.2013.D1,D1 - Map,15,0,5,10,0,0,0,0,0,0,0,0
2013,MX,MEX,Mexico,ODB.2013.D2,D2 - Land,5,0,5,0,0,0,0,0,0,0,0,0
2013,MX,MEX,Mexico,ODB.2013.D3,D3 - Services,10,0,5,0,0,0,0,0,0,0,5,0
2013,MX,MEX,Mexico,ODB.2013.D4,D4 - Census,60,0,5,10,15,0,15,0,10,0,5,0
2013,MX,MEX,Mexico,ODB.2013.D5,D5 - Budget,60,0,5,10,15,0,15,0,10,0,5,0
2013,MX,MEX,Mexico,ODB.2013.D6,D6 - Spend,15,0,5,10,0,0,0,0,0,0,0,0
2013,MX,MEX,Mexico,ODB.2013.D7,D7 - Company,75,0,5,10,15,15,15,0,10,0,5,0
2013,MX,MEX,Mexico,ODB.2013.D8,D8 - Legislation,15,0,5,10,0,0,0,0,0,0,0,0
2013,MX,MEX,Mexico,ODB.2013.D9,D9 - Transport,75,0,5,10,15,15,15,0,10,0,5,0
2013,MX,MEX,Mexico,ODB.2013.D10,D10 - Trade,75,0,5,10,15,15,15,0,10,0,5,0
2013,MX,MEX,Mexico,ODB.2013.D11,D11 - Health,75,0,5,10,15,15,15,0,10,0,5,0
2013,MX,MEX,Mexico,ODB.2013.D12,D12 - Education,75,0,5,10,15,15,15,0,10,0,5,0
2013,MX,MEX,Mexico,ODB.2013.D13,D13 - Crime,15,0,5,10,0,0,0,0,0,0,0,0
2013,MX,MEX,Mexico,ODB.2013.D14,D14 - Environment,60,0,5,10,15,0,15,0,10,0,5,0
2013,MX,MEX,Mexico,ODB.2013.D15,D15 - Elections,15,0,5,10,0,0,0,0,0,0,0,0
2013,MA,MAR,Morocco,ODB.2013.D1,D1 - Map,15,0,5,10,0,0,0,0,0,0,0,0
2013,MA,MAR,Morocco,ODB.2013.D2,D2 - Land,5,0,5,0,0,0,0,0,0,0,0,0
2013,MA,MAR,Morocco,ODB.2013.D3,D3 - Services,0,0,0,0,0,0,0,0,0,0,0,0
2013,MA,MAR,Morocco,ODB.2013.D4,D4 - Census,65,0,5,10,15,0,15,0,10,5,5,0
2013,MA,MAR,Morocco,ODB.2013.D5,D5 - Budget,80,0,5,10,15,0,15,15,10,5,5,0
2013,MA,MAR,Morocco,ODB.2013.D6,D6 - Spend,80,0,5,10,15,0,15,15,10,5,5,0
2013,MA,MAR,Morocco,ODB.2013.D7,D7 - Company,15,0,5,10,0,0,0,0,0,0,0,0
2013,MA,MAR,Morocco,ODB.2013.D8,D8 - Legislation,15,0,5,10,0,0,0,0,0,0,0,0
2013,MA,MAR,Morocco,ODB.2013.D9,D9 - Transport,15,0,5,10,0,0,0,0,0,0,0,0
2013,MA,MAR,Morocco,ODB.2013.D10,D10 - Trade,65,0,5,10,15,0,15,0,10,5,5,0
2013,MA,MAR,Morocco,ODB.2013.D11,D11 - Health,15,0,5,10,0,0,0,0,0,0,0,0
2013,MA,MAR,Morocco,ODB.2013.D12,D12 - Education,15,0,5,10,0,0,0,0,0,0,0,0
2013,MA,MAR,Morocco,ODB.2013.D13,D13 - Crime,5,0,5,0,0,0,0,0,0,0,0,0
2013,MA,MAR,Morocco,ODB.2013.D14,D14 - Environment,15,0,5,10,0,0,0,0,0,0,0,0
2013,MA,MAR,Morocco,ODB.2013.D15,D15 - Elections,5,0,5,0,0,0,0,0,0,0,0,0
2013,NA,NAM,Namibia,ODB.2013.D1,D1 - Map,0,0,0,0,0,0,0,0,0,0,0,0
2013,NA,NAM,Namibia,ODB.2013.D2,D2 - Land,5,0,5,0,0,0,0,0,0,0,0,0
2013,NA,NAM,Namibia,ODB.2013.D3,D3 - Services,0,0,0,0,0,0,0,0,0,0,0,0
2013,NA,NAM,Namibia,ODB.2013.D4,D4 - Census,15,0,5,10,0,0,0,0,0,0,0,0
2013,NA,NAM,Namibia,ODB.2013.D5,D5 - Budget,15,0,5,10,0,0,0,0,0,0,0,0
2013,NA,NAM,Namibia,ODB.2013.D6,D6 - Spend,0,0,0,0,0,0,0,0,0,0,0,0
2013,NA,NAM,Namibia,ODB.2013.D7,D7 - Company,0,0,0,0,0,0,0,0,0,0,0,0
2013,NA,NAM,Namibia,ODB.2013.D8,D8 - Legislation,15,0,5,10,0,0,0,0,0,0,0,0
2013,NA,NAM,Namibia,ODB.2013.D9,D9 - Transport,0,0,0,0,0,0,0,0,0,0,0,0
2013,NA,NAM,Namibia,ODB.2013.D10,D10 - Trade,55,0,5,10,15,0,15,0,10,0,0,0
2013,NA,NAM,Namibia,ODB.2013.D11,D11 - Health,0,0,0,0,0,0,0,0,0,0,0,0
2013,NA,NAM,Namibia,ODB.2013.D12,D12 - Education,45,0,5,10,15,0,15,0,0,0,0,0
2013,NA,NAM,Namibia,ODB.2013.D13,D13 - Crime,5,0,5,0,0,0,0,0,0,0,0,0
2013,NA,NAM,Namibia,ODB.2013.D14,D14 - Environment,0,0,0,0,0,0,0,0,0,0,0,0
2013,NA,NAM,Namibia,ODB.2013.D15,D15 - Elections,15,0,5,10,0,0,0,0,0,0,0,0
2013,NP,NPL,Nepal,ODB.2013.D1,D1 - Map,5,0,5,0,0,0,0,0,0,0,0,0
2013,NP,NPL,Nepal,ODB.2013.D2,D2 - Land,5,0,5,0,0,0,0,0,0,0,0,0
2013,NP,NPL,Nepal,ODB.2013.D3,D3 - Services,30,0,5,10,0,0,15,0,0,0,0,0
2013,NP,NPL,Nepal,ODB.2013.D4,D4 - Census,15,0,5,10,0,0,0,0,0,0,0,0
2013,NP,NPL,Nepal,ODB.2013.D5,D5 - Budget,15,0,5,10,0,0,0,0,0,0,0,0
2013,NP,NPL,Nepal,ODB.2013.D6,D6 - Spend,15,0,5,10,0,0,0,0,0,0,0,0
2013,NP,NPL,Nepal,ODB.2013.D7,D7 - Company,15,0,5,10,0,0,0,0,0,0,0,0
2013,NP,NPL,Nepal,ODB.2013.D8,D8 - Legislation,15,0,5,10,0,0,0,0,0,0,0,0
2013,NP,NPL,Nepal,ODB.2013.D9,D9 - Transport,0,0,0,0,0,0,0,0,0,0,0,0
2013,NP,NPL,Nepal,ODB.2013.D10,D10 - Trade,65,0,5,10,15,0,15,0,10,5,5,0
2013,NP,NPL,Nepal,ODB.2013.D11,D11 - Health,15,0,5,10,0,0,0,0,0,0,0,0
2013,NP,NPL,Nepal,ODB.2013.D12,D12 - Education,15,0,5,10,0,0,0,0,0,0,0,0
2013,NP,NPL,Nepal,ODB.2013.D13,D13 - Crime,15,0,5,10,0,0,0,0,0,0,0,0
2013,NP,NPL,Nepal,ODB.2013.D14,D14 - Environment,15,0,5,10,0,0,0,0,0,0,0,0
2013,NP,NPL,Nepal,ODB.2013.D15,D15 - Elections,80,0,5,10,15,15,15,0,10,5,5,0
2013,NL,NLD,Netherlands,ODB.2013.D1,D1 - Map,95,1,5,10,15,15,15,15,10,5,5,0
2013,NL,NLD,Netherlands,ODB.2013.D2,D2 - Land,55,0,5,10,15,15,0,0,10,0,0,0
2013,NL,NLD,Netherlands,ODB.2013.D3,D3 - Services,80,0,5,10,15,15,15,0,10,5,0,5
2013,NL,NLD,Netherlands,ODB.2013.D4,D4 - Census,65,0,5,10,15,0,15,0,10,5,5,0
2013,NL,NLD,Netherlands,ODB.2013.D5,D5 - Budget,80,0,5,10,15,0,15,15,10,5,5,0
2013,NL,NLD,Netherlands,ODB.2013.D6,D6 - Spend,0,0,0,0,0,0,0,0,0,0,0,0
2013,NL,NLD,Netherlands,ODB.2013.D7,D7 - Company,45,0,5,10,15,0,0,0,10,0,5,0
2013,NL,NLD,Netherlands,ODB.2013.D8,D8 - Legislation,100,1,5,10,15,15,15,15,10,5,5,5
2013,NL,NLD,Netherlands,ODB.2013.D9,D9 - Transport,95,1,5,10,15,15,15,15,10,5,5,0
2013,NL,NLD,Netherlands,ODB.2013.D10,D10 - Trade,65,0,5,10,15,0,15,0,10,5,5,0
2013,NL,NLD,Netherlands,ODB.2013.D11,D11 - Health,5,0,5,0,0,0,0,0,0,0,0,0
2013,NL,NLD,Netherlands,ODB.2013.D12,D12 - Education,95,1,5,10,15,15,15,15,10,5,5,0
2013,NL,NLD,Netherlands,ODB.2013.D13,D13 - Crime,65,0,5,10,15,0,15,0,10,5,5,0
2013,NL,NLD,Netherlands,ODB.2013.D14,D14 - Environment,65,0,5,10,15,0,15,0,10,5,5,0
2013,NL,NLD,Netherlands,ODB.2013.D15,D15 - Elections,80,0,5,10,15,0,15,15,10,5,5,0
2013,NZ,NZL,New Zealand,ODB.2013.D1,D1 - Map,95,1,5,10,15,15,15,15,10,5,5,0
2013,NZ,NZL,New Zealand,ODB.2013.D2,D2 - Land,95,1,5,10,15,15,15,15,10,5,5,0
2013,NZ,NZL,New Zealand,ODB.2013.D3,D3 - Services,90,1,5,10,15,15,15,15,10,5,0,0
2013,NZ,NZL,New Zealand,ODB.2013.D4,D4 - Census,95,1,5,10,15,15,15,15,10,5,5,0
2013,NZ,NZL,New Zealand,ODB.2013.D5,D5 - Budget,80,0,5,10,15,0,15,15,10,5,5,0
2013,NZ,NZL,New Zealand,ODB.2013.D6,D6 - Spend,15,0,5,10,0,0,0,0,0,0,0,0
2013,NZ,NZL,New Zealand,ODB.2013.D7,D7 - Company,15,0,5,10,0,0,0,0,0,0,0,0
2013,NZ,NZL,New Zealand,ODB.2013.D8,D8 - Legislation,70,0,5,10,15,0,15,15,0,5,5,0
2013,NZ,NZL,New Zealand,ODB.2013.D9,D9 - Transport,0,0,0,0,0,0,0,0,0,0,0,0
2013,NZ,NZL,New Zealand,ODB.2013.D10,D10 - Trade,80,0,5,10,15,0,15,15,10,5,5,0
2013,NZ,NZL,New Zealand,ODB.2013.D11,D11 - Health,60,0,5,10,15,0,15,0,10,5,0,0
2013,NZ,NZL,New Zealand,ODB.2013.D12,D12 - Education,45,0,5,10,15,0,15,0,0,0,0,0
2013,NZ,NZL,New Zealand,ODB.2013.D13,D13 - Crime,80,0,5,10,15,0,15,15,10,5,5,0
2013,NZ,NZL,New Zealand,ODB.2013.D14,D14 - Environment,80,0,5,10,15,0,15,15,10,5,5,0
2013,NZ,NZL,New Zealand,ODB.2013.D15,D15 - Elections,80,0,5,10,15,0,15,15,10,5,5,0
2013,NG,NGA,Nigeria,ODB.2013.D1,D1 - Map,0,0,0,0,0,0,0,0,0,0,0,0
2013,NG,NGA,Nigeria,ODB.2013.D2,D2 - Land,0,0,0,0,0,0,0,0,0,0,0,0
2013,NG,NGA,Nigeria,ODB.2013.D3,D3 - Services,35,0,5,10,0,0,15,0,0,0,5,0
2013,NG,NGA,Nigeria,ODB.2013.D4,D4 - Census,5,0,5,0,0,0,0,0,0,0,0,0
2013,NG,NGA,Nigeria,ODB.2013.D5,D5 - Budget,15,0,5,10,0,0,0,0,0,0,0,0
2013,NG,NGA,Nigeria,ODB.2013.D6,D6 - Spend,0,0,0,0,0,0,0,0,0,0,0,0
2013,NG,NGA,Nigeria,ODB.2013.D7,D7 - Company,5,0,5,0,0,0,0,0,0,0,0,0
2013,NG,NGA,Nigeria,ODB.2013.D8,D8 - Legislation,15,0,5,10,0,0,0,0,0,0,0,0
2013,NG,NGA,Nigeria,ODB.2013.D9,D9 - Transport,0,0,0,0,0,0,0,0,0,0,0,0
2013,NG,NGA,Nigeria,ODB.2013.D10,D10 - Trade,5,0,5,0,0,0,0,0,0,0,0,0
2013,NG,NGA,Nigeria,ODB.2013.D11,D11 - Health,0,0,0,0,0,0,0,0,0,0,0,0
2013,NG,NGA,Nigeria,ODB.2013.D12,D12 - Education,0,0,0,0,0,0,0,0,0,0,0,0
2013,NG,NGA,Nigeria,ODB.2013.D13,D13 - Crime,5,0,5,0,0,0,0,0,0,0,0,0
2013,NG,NGA,Nigeria,ODB.2013.D14,D14 - Environment,0,0,0,0,0,0,0,0,0,0,0,0
2013,NG,NGA,Nigeria,ODB.2013.D15,D15 - Elections,5,0,5,0,0,0,0,0,0,0,0,0
2013,NO,NOR,Norway,ODB.2013.D1,D1 - Map,95,1,5,10,15,15,15,15,10,5,5,0
2013,NO,NOR,Norway,ODB.2013.D2,D2 - Land,15,0,5,10,0,0,0,0,0,0,0,0
2013,NO,NOR,Norway,ODB.2013.D3,D3 - Services,35,0,5,10,0,0,15,0,0,0,5,0
2013,NO,NOR,Norway,ODB.2013.D4,D4 - Census,80,0,5,10,15,0,15,15,10,5,5,0
2013,NO,NOR,Norway,ODB.2013.D5,D5 - Budget,80,0,5,10,15,0,15,15,10,5,5,0
2013,NO,NOR,Norway,ODB.2013.D6,D6 - Spend,0,0,0,0,0,0,0,0,0,0,0,0
2013,NO,NOR,Norway,ODB.2013.D7,D7 - Company,100,1,5,10,15,15,15,15,10,5,5,5
2013,NO,NOR,Norway,ODB.2013.D8,D8 - Legislation,15,0,5,10,0,0,0,0,0,0,0,0
2013,NO,NOR,Norway,ODB.2013.D9,D9 - Transport,95,1,5,10,15,15,15,15,10,5,5,0
2013,NO,NOR,Norway,ODB.2013.D10,D10 - Trade,80,0,5,10,15,0,15,15,10,5,5,0
2013,NO,NOR,Norway,ODB.2013.D11,D11 - Health,80,0,5,10,15,0,15,15,10,5,5,0
2013,NO,NOR,Norway,ODB.2013.D12,D12 - Education,80,0,5,10,15,0,15,15,10,5,5,0
2013,NO,NOR,Norway,ODB.2013.D13,D13 - Crime,80,0,5,10,15,0,15,15,10,5,5,0
2013,NO,NOR,Norway,ODB.2013.D14,D14 - Environment,80,0,5,10,15,0,15,15,10,5,5,0
2013,NO,NOR,Norway,ODB.2013.D15,D15 - Elections,80,0,5,10,15,0,15,15,10,5,5,0
2013,PK,PAK,Pakistan,ODB.2013.D1,D1 - Map,5,0,5,0,0,0,0,0,0,0,0,0
2013,PK,PAK,Pakistan,ODB.2013.D2,D2 - Land,0,0,0,0,0,0,0,0,0,0,0,0
2013,PK,PAK,Pakistan,ODB.2013.D3,D3 - Services,45,0,5,10,0,0,15,0,10,0,5,0
2013,PK,PAK,Pakistan,ODB.2013.D4,D4 - Census,15,0,5,10,0,0,0,0,0,0,0,0
2013,PK,PAK,Pakistan,ODB.2013.D5,D5 - Budget,15,0,5,10,0,0,0,0,0,0,0,0
2013,PK,PAK,Pakistan,ODB.2013.D6,D6 - Spend,15,0,5,10,0,0,0,0,0,0,0,0
2013,PK,PAK,Pakistan,ODB.2013.D7,D7 - Company,5,0,5,0,0,0,0,0,0,0,0,0
2013,PK,PAK,Pakistan,ODB.2013.D8,D8 - Legislation,15,0,5,10,0,0,0,0,0,0,0,0
2013,PK,PAK,Pakistan,ODB.2013.D9,D9 - Transport,15,0,5,10,0,0,0,0,0,0,0,0
2013,PK,PAK,Pakistan,ODB.2013.D10,D10 - Trade,60,0,5,10,15,0,15,0,10,0,5,0
2013,PK,PAK,Pakistan,ODB.2013.D11,D11 - Health,15,0,5,10,0,0,0,0,0,0,0,0
2013,PK,PAK,Pakistan,ODB.2013.D12,D12 - Education,15,0,5,10,0,0,0,0,0,0,0,0
2013,PK,PAK,Pakistan,ODB.2013.D13,D13 - Crime,5,0,5,0,0,0,0,0,0,0,0,0
2013,PK,PAK,Pakistan,ODB.2013.D14,D14 - Environment,15,0,5,10,0,0,0,0,0,0,0,0
2013,PK,PAK,Pakistan,ODB.2013.D15,D15 - Elections,15,0,5,10,0,0,0,0,0,0,0,0
2013,PE,PER,Peru,ODB.2013.D1,D1 - Map,15,0,5,10,0,0,0,0,0,0,0,0
2013,PE,PER,Peru,ODB.2013.D2,D2 - Land,5,0,5,0,0,0,0,0,0,0,0,0
2013,PE,PER,Peru,ODB.2013.D3,D3 - Services,35,0,5,10,0,0,15,0,0,0,5,0
2013,PE,PER,Peru,ODB.2013.D4,D4 - Census,60,0,5,10,15,0,15,0,10,0,5,0
2013,PE,PER,Peru,ODB.2013.D5,D5 - Budget,15,0,5,10,0,0,0,0,0,0,0,0
2013,PE,PER,Peru,ODB.2013.D6,D6 - Spend,60,0,5,10,15,0,15,0,10,0,5,0
2013,PE,PER,Peru,ODB.2013.D7,D7 - Company,15,0,5,10,0,0,0,0,0,0,0,0
2013,PE,PER,Peru,ODB.2013.D8,D8 - Legislation,15,0,5,10,0,0,0,0,0,0,0,0
2013,PE,PER,Peru,ODB.2013.D9,D9 - Transport,0,0,0,0,0,0,0,0,0,0,0,0
2013,PE,PER,Peru,ODB.2013.D10,D10 - Trade,15,0,5,10,0,0,0,0,0,0,0,0
2013,PE,PER,Peru,ODB.2013.D11,D11 - Health,15,0,5,10,0,0,0,0,0,0,0,0
2013,PE,PER,Peru,ODB.2013.D12,D12 - Education,55,0,5,10,15,0,15,0,10,0,0,0
2013,PE,PER,Peru,ODB.2013.D13,D13 - Crime,15,0,5,10,0,0,0,0,0,0,0,0
2013,PE,PER,Peru,ODB.2013.D14,D14 - Environment,50,0,5,10,15,0,15,0,0,0,5,0
2013,PE,PER,Peru,ODB.2013.D15,D15 - Elections,15,0,5,10,0,0,0,0,0,0,0,0
2013,PH,PHL,Philippines,ODB.2013.D1,D1 - Map,15,0,5,10,0,0,0,0,0,0,0,0
2013,PH,PHL,Philippines,ODB.2013.D2,D2 - Land,5,0,5,0,0,0,0,0,0,0,0,0
2013,PH,PHL,Philippines,ODB.2013.D3,D3 - Services,45,0,5,10,0,0,15,0,10,0,5,0
2013,PH,PHL,Philippines,ODB.2013.D4,D4 - Census,15,0,5,10,0,0,0,0,0,0,0,0
2013,PH,PHL,Philippines,ODB.2013.D5,D5 - Budget,75,0,5,10,15,15,15,0,10,0,5,0
2013,PH,PHL,Philippines,ODB.2013.D6,D6 - Spend,60,0,5,10,15,0,15,0,10,0,5,0
2013,PH,PHL,Philippines,ODB.2013.D7,D7 - Company,15,0,5,10,0,0,0,0,0,0,0,0
2013,PH,PHL,Philippines,ODB.2013.D8,D8 - Legislation,15,0,5,10,0,0,0,0,0,0,0,0
2013,PH,PHL,Philippines,ODB.2013.D9,D9 - Transport,0,0,0,0,0,0,0,0,0,0,0,0
2013,PH,PHL,Philippines,ODB.2013.D10,D10 - Trade,15,0,5,10,0,0,0,0,0,0,0,0
2013,PH,PHL,Philippines,ODB.2013.D11,D11 - Health,15,0,5,10,0,0,0,0,0,0,0,0
2013,PH,PHL,Philippines,ODB.2013.D12,D12 - Education,60,0,5,10,15,0,15,0,10,0,5,0
2013,PH,PHL,Philippines,ODB.2013.D13,D13 - Crime,15,0,5,10,0,0,0,0,0,0,0,0
2013,PH,PHL,Philippines,ODB.2013.D14,D14 - Environment,5,0,5,0,0,0,0,0,0,0,0,0
2013,PH,PHL,Philippines,ODB.2013.D15,D15 - Elections,15,0,5,10,0,0,0,0,0,0,0,0
2013,PT,PRT,Portugal,ODB.2013.D1,D1 - Map,70,0,5,10,15,15,15,0,10,0,0,0
2013,PT,PRT,Portugal,ODB.2013.D2,D2 - Land,0,0,0,0,0,0,0,0,0,0,0,0
2013,PT,PRT,Portugal,ODB.2013.D3,D3 - Services,35,0,5,10,0,0,15,0,0,0,5,0
2013,PT,PRT,Portugal,ODB.2013.D4,D4 - Census,75,0,5,10,15,15,15,0,10,0,5,0
2013,PT,PRT,Portugal,ODB.2013.D5,D5 - Budget,15,0,5,10,0,0,0,0,0,0,0,0
2013,PT,PRT,Portugal,ODB.2013.D6,D6 - Spend,15,0,5,10,0,0,0,0,0,0,0,0
2013,PT,PRT,Portugal,ODB.2013.D7,D7 - Company,15,0,5,10,0,0,0,0,0,0,0,0
2013,PT,PRT,Portugal,ODB.2013.D8,D8 - Legislation,15,0,5,10,0,0,0,0,0,0,0,0
2013,PT,PRT,Portugal,ODB.2013.D9,D9 - Transport,15,0,5,10,0,0,0,0,0,0,0,0
2013,PT,PRT,Portugal,ODB.2013.D10,D10 - Trade,75,0,5,10,15,15,15,0,10,0,5,0
2013,PT,PRT,Portugal,ODB.2013.D11,D11 - Health,5,0,5,0,0,0,0,0,0,0,0,0
2013,PT,PRT,Portugal,ODB.2013.D12,D12 - Education,60,0,5,10,15,0,15,0,10,0,5,0
2013,PT,PRT,Portugal,ODB.2013.D13,D13 - Crime,60,0,5,10,15,0,15,0,10,0,5,0
2013,PT,PRT,Portugal,ODB.2013.D14,D14 - Environment,60,0,5,10,15,0,15,0,10,0,5,0
2013,PT,PRT,Portugal,ODB.2013.D15,D15 - Elections,60,0,5,10,15,0,15,0,10,0,5,0
2013,QA,QAT,Qatar,ODB.2013.D1,D1 - Map,15,0,5,10,0,0,0,0,0,0,0,0
2013,QA,QAT,Qatar,ODB.2013.D2,D2 - Land,5,0,5,0,0,0,0,0,0,0,0,0
2013,QA,QAT,Qatar,ODB.2013.D3,D3 - Services,35,0,5,10,0,0,15,0,0,0,5,0
2013,QA,QAT,Qatar,ODB.2013.D4,D4 - Census,60,0,5,10,15,0,15,0,10,0,5,0
2013,QA,QAT,Qatar,ODB.2013.D5,D5 - Budget,5,0,5,0,0,0,0,0,0,0,0,0
2013,QA,QAT,Qatar,ODB.2013.D6,D6 - Spend,0,0,0,0,0,0,0,0,0,0,0,0
2013,QA,QAT,Qatar,ODB.2013.D7,D7 - Company,0,0,0,0,0,0,0,0,0,0,0,0
2013,QA,QAT,Qatar,ODB.2013.D8,D8 - Legislation,15,0,5,10,0,0,0,0,0,0,0,0
2013,QA,QAT,Qatar,ODB.2013.D9,D9 - Transport,15,0,5,10,0,0,0,0,0,0,0,0
2013,QA,QAT,Qatar,ODB.2013.D10,D10 - Trade,60,0,5,10,15,0,15,0,10,0,5,0
2013,QA,QAT,Qatar,ODB.2013.D11,D11 - Health,15,0,5,10,0,0,0,0,0,0,0,0
2013,QA,QAT,Qatar,ODB.2013.D12,D12 - Education,0,0,0,0,0,0,0,0,0,0,0,0
2013,QA,QAT,Qatar,ODB.2013.D13,D13 - Crime,0,0,0,0,0,0,0,0,0,0,0,0
2013,QA,QAT,Qatar,ODB.2013.D14,D14 - Environment,15,0,5,10,0,0,0,0,0,0,0,0
2013,QA,QAT,Qatar,ODB.2013.D15,D15 - Elections,0,0,0,0,0,0,0,0,0,0,0,0
2013,RU,RUS,Russian Federation,ODB.2013.D1,D1 - Map,5,0,5,0,0,0,0,0,0,0,0,0
2013,RU,RUS,Russian Federation,ODB.2013.D2,D2 - Land,45,0,5,10,15,0,0,0,10,0,5,0
2013,RU,RUS,Russian Federation,ODB.2013.D3,D3 - Services,45,0,5,10,0,0,15,0,10,0,5,0
2013,RU,RUS,Russian Federation,ODB.2013.D4,D4 - Census,60,0,5,10,15,0,15,0,10,0,5,0
2013,RU,RUS,Russian Federation,ODB.2013.D5,D5 - Budget,65,0,5,10,15,15,15,0,0,0,5,0
2013,RU,RUS,Russian Federation,ODB.2013.D6,D6 - Spend,75,0,5,10,15,15,15,0,10,5,0,0
2013,RU,RUS,Russian Federation,ODB.2013.D7,D7 - Company,15,0,5,10,0,0,0,0,0,0,0,0
2013,RU,RUS,Russian Federation,ODB.2013.D8,D8 - Legislation,15,0,5,10,0,0,0,0,0,0,0,0
2013,RU,RUS,Russian Federation,ODB.2013.D9,D9 - Transport,15,0,5,10,0,0,0,0,0,0,0,0
2013,RU,RUS,Russian Federation,ODB.2013.D10,D10 - Trade,65,0,5,10,15,0,15,0,10,5,5,0
2013,RU,RUS,Russian Federation,ODB.2013.D11,D11 - Health,65,0,5,10,15,0,15,0,10,5,5,0
2013,RU,RUS,Russian Federation,ODB.2013.D12,D12 - Education,50,0,5,10,15,0,15,0,0,0,5,0
2013,RU,RUS,Russian Federation,ODB.2013.D13,D13 - Crime,65,0,5,10,15,15,15,0,0,0,5,0
2013,RU,RUS,Russian Federation,ODB.2013.D14,D14 - Environment,15,0,5,10,0,0,0,0,0,0,0,0
2013,RU,RUS,Russian Federation,ODB.2013.D15,D15 - Elections,15,0,5,10,0,0,0,0,0,0,0,0
2013,RW,RWA,Rwanda,ODB.2013.D1,D1 - Map,15,0,5,10,0,0,0,0,0,0,0,0
2013,RW,RWA,Rwanda,ODB.2013.D2,D2 - Land,0,0,0,0,0,0,0,0,0,0,0,0
2013,RW,RWA,Rwanda,ODB.2013.D3,D3 - Services,0,0,0,0,0,0,0,0,0,0,0,0
2013,RW,RWA,Rwanda,ODB.2013.D4,D4 - Census,60,0,5,10,15,0,15,0,10,0,5,0
2013,RW,RWA,Rwanda,ODB.2013.D5,D5 - Budget,5,0,5,0,0,0,0,0,0,0,0,0
2013,RW,RWA,Rwanda,ODB.2013.D6,D6 - Spend,5,0,5,0,0,0,0,0,0,0,0,0
2013,RW,RWA,Rwanda,ODB.2013.D7,D7 - Company,5,0,5,0,0,0,0,0,0,0,0,0
2013,RW,RWA,Rwanda,ODB.2013.D8,D8 - Legislation,0,0,0,0,0,0,0,0,0,0,0,0
2013,RW,RWA,Rwanda,ODB.2013.D9,D9 - Transport,0,0,0,0,0,0,0,0,0,0,0,0
2013,RW,RWA,Rwanda,ODB.2013.D10,D10 - Trade,75,0,5,10,15,15,15,0,10,0,5,0
2013,RW,RWA,Rwanda,ODB.2013.D11,D11 - Health,75,0,5,10,15,15,15,0,10,0,5,0
2013,RW,RWA,Rwanda,ODB.2013.D12,D12 - Education,75,0,5,10,15,15,15,0,10,0,5,0
2013,RW,RWA,Rwanda,ODB.2013.D13,D13 - Crime,5,0,5,0,0,0,0,0,0,0,0,0
2013,RW,RWA,Rwanda,ODB.2013.D14,D14 - Environment,75,0,5,10,15,15,15,0,10,0,5,0
2013,RW,RWA,Rwanda,ODB.2013.D15,D15 - Elections,15,0,5,10,0,0,0,0,0,0,0,0
2013,SA,SAU,Saudi Arabia,ODB.2013.D1,D1 - Map,15,0,5,10,0,0,0,0,0,0,0,0
2013,SA,SAU,Saudi Arabia,ODB.2013.D2,D2 - Land,0,0,0,0,0,0,0,0,0,0,0,0
2013,SA,SAU,Saudi Arabia,ODB.2013.D3,D3 - Services,45,0,5,10,0,0,15,0,10,0,5,0
2013,SA,SAU,Saudi Arabia,ODB.2013.D4,D4 - Census,15,0,5,10,0,0,0,0,0,0,0,0
2013,SA,SAU,Saudi Arabia,ODB.2013.D5,D5 - Budget,0,0,0,0,0,0,0,0,0,0,0,0
2013,SA,SAU,Saudi Arabia,ODB.2013.D6,D6 - Spend,0,0,0,0,0,0,0,0,0,0,0,0
2013,SA,SAU,Saudi Arabia,ODB.2013.D7,D7 - Company,0,0,0,0,0,0,0,0,0,0,0,0
2013,SA,SAU,Saudi Arabia,ODB.2013.D8,D8 - Legislation,5,0,5,0,0,0,0,0,0,0,0,0
2013,SA,SAU,Saudi Arabia,ODB.2013.D9,D9 - Transport,5,0,5,0,0,0,0,0,0,0,0,0
2013,SA,SAU,Saudi Arabia,ODB.2013.D10,D10 - Trade,15,0,5,10,0,0,0,0,0,0,0,0
2013,SA,SAU,Saudi Arabia,ODB.2013.D11,D11 - Health,15,0,5,10,0,0,0,0,0,0,0,0
2013,SA,SAU,Saudi Arabia,ODB.2013.D12,D12 - Education,0,0,0,0,0,0,0,0,0,0,0,0
2013,SA,SAU,Saudi Arabia,ODB.2013.D13,D13 - Crime,5,0,5,0,0,0,0,0,0,0,0,0
2013,SA,SAU,Saudi Arabia,ODB.2013.D14,D14 - Environment,0,0,0,0,0,0,0,0,0,0,0,0
2013,SA,SAU,Saudi Arabia,ODB.2013.D15,D15 - Elections,0,0,0,0,0,0,0,0,0,0,0,0
2013,SN,SEN,Senegal,ODB.2013.D1,D1 - Map,5,0,5,0,0,0,0,0,0,0,0,0
2013,SN,SEN,Senegal,ODB.2013.D2,D2 - Land,5,0,5,0,0,0,0,0,0,0,0,0
2013,SN,SEN,Senegal,ODB.2013.D3,D3 - Services,40,0,5,10,0,0,15,0,10,0,0,0
2013,SN,SEN,Senegal,ODB.2013.D4,D4 - Census,15,0,5,10,0,0,0,0,0,0,0,0
2013,SN,SEN,Senegal,ODB.2013.D5,D5 - Budget,15,0,5,10,0,0,0,0,0,0,0,0
2013,SN,SEN,Senegal,ODB.2013.D6,D6 - Spend,15,0,5,10,0,0,0,0,0,0,0,0
2013,SN,SEN,Senegal,ODB.2013.D7,D7 - Company,5,0,5,0,0,0,0,0,0,0,0,0
2013,SN,SEN,Senegal,ODB.2013.D8,D8 - Legislation,15,0,5,10,0,0,0,0,0,0,0,0
2013,SN,SEN,Senegal,ODB.2013.D9,D9 - Transport,0,0,0,0,0,0,0,0,0,0,0,0
2013,SN,SEN,Senegal,ODB.2013.D10,D10 - Trade,15,0,5,10,0,0,0,0,0,0,0,0
2013,SN,SEN,Senegal,ODB.2013.D11,D11 - Health,5,0,5,0,0,0,0,0,0,0,0,0
2013,SN,SEN,Senegal,ODB.2013.D12,D12 - Education,15,0,5,10,0,0,0,0,0,0,0,0
2013,SN,SEN,Senegal,ODB.2013.D13,D13 - Crime,0,0,0,0,0,0,0,0,0,0,0,0
2013,SN,SEN,Senegal,ODB.2013.D14,D14 - Environment,0,0,0,0,0,0,0,0,0,0,0,0
2013,SN,SEN,Senegal,ODB.2013.D15,D15 - Elections,5,0,5,0,0,0,0,0,0,0,0,0
2013,SG,SGP,Singapore,ODB.2013.D1,D1 - Map,75,0,5,10,15,15,15,0,10,0,5,0
2013,SG,SGP,Singapore,ODB.2013.D2,D2 - Land,15,0,5,10,0,0,0,0,0,0,0,0
2013,SG,SGP,Singapore,ODB.2013.D3,D3 - Services,45,0,5,10,0,0,15,0,10,0,5,0
2013,SG,SGP,Singapore,ODB.2013.D4,D4 - Census,60,0,5,10,15,0,15,0,10,0,5,0
2013,SG,SGP,Singapore,ODB.2013.D5,D5 - Budget,60,0,5,10,15,0,15,0,10,0,5,0
2013,SG,SGP,Singapore,ODB.2013.D6,D6 - Spend,55,0,5,10,15,0,15,0,10,0,0,0
2013,SG,SGP,Singapore,ODB.2013.D7,D7 - Company,5,0,5,0,0,0,0,0,0,0,0,0
2013,SG,SGP,Singapore,ODB.2013.D8,D8 - Legislation,15,0,5,10,0,0,0,0,0,0,0,0
2013,SG,SGP,Singapore,ODB.2013.D9,D9 - Transport,5,0,5,0,0,0,0,0,0,0,0,0
2013,SG,SGP,Singapore,ODB.2013.D10,D10 - Trade,60,0,5,10,15,0,15,0,10,0,5,0
2013,SG,SGP,Singapore,ODB.2013.D11,D11 - Health,15,0,5,10,0,0,0,0,0,0,0,0
2013,SG,SGP,Singapore,ODB.2013.D12,D12 - Education,60,0,5,10,15,0,15,0,10,0,5,0
2013,SG,SGP,Singapore,ODB.2013.D13,D13 - Crime,5,0,5,0,0,0,0,0,0,0,0,0
2013,SG,SGP,Singapore,ODB.2013.D14,D14 - Environment,60,0,5,10,15,0,15,0,10,0,5,0
2013,SG,SGP,Singapore,ODB.2013.D15,D15 - Elections,15,0,5,10,0,0,0,0,0,0,0,0
2013,ZA,SVK,South Africa,ODB.2013.D1,D1 - Map,15,0,5,10,0,0,0,0,0,0,0,0
2013,ZA,SVK,South Africa,ODB.2013.D2,D2 - Land,15,0,5,10,0,0,0,0,0,0,0,0
2013,ZA,SVK,South Africa,ODB.2013.D3,D3 - Services,45,0,5,10,0,0,15,0,10,0,5,0
2013,ZA,SVK,South Africa,ODB.2013.D4,D4 - Census,15,0,5,10,0,0,0,0,0,0,0,0
2013,ZA,SVK,South Africa,ODB.2013.D5,D5 - Budget,15,0,5,10,0,0,0,0,0,0,0,0
2013,ZA,SVK,South Africa,ODB.2013.D6,D6 - Spend,15,0,5,10,0,0,0,0,0,0,0,0
2013,ZA,SVK,South Africa,ODB.2013.D7,D7 - Company,5,0,5,0,0,0,0,0,0,0,0,0
2013,ZA,SVK,South Africa,ODB.2013.D8,D8 - Legislation,15,0,5,10,0,0,0,0,0,0,0,0
2013,ZA,SVK,South Africa,ODB.2013.D9,D9 - Transport,75,0,5,10,15,15,15,0,10,0,5,0
2013,ZA,SVK,South Africa,ODB.2013.D10,D10 - Trade,15,0,5,10,0,0,0,0,0,0,0,0
2013,ZA,SVK,South Africa,ODB.2013.D11,D11 - Health,15,0,5,10,0,0,0,0,0,0,0,0
2013,ZA,SVK,South Africa,ODB.2013.D12,D12 - Education,0,0,0,0,0,0,0,0,0,0,0,0
2013,ZA,SVK,South Africa,ODB.2013.D13,D13 - Crime,15,0,5,10,0,0,0,0,0,0,0,0
2013,ZA,SVK,South Africa,ODB.2013.D14,D14 - Environment,0,0,0,0,0,0,0,0,0,0,0,0
2013,ZA,SVK,South Africa,ODB.2013.D15,D15 - Elections,75,0,5,10,15,15,15,0,10,0,5,0
2013,ES,ESP,Spain,ODB.2013.D1,D1 - Map,45,0,5,10,15,0,0,0,10,0,5,0
2013,ES,ESP,Spain,ODB.2013.D2,D2 - Land,60,0,5,10,15,0,15,0,10,0,5,0
2013,ES,ESP,Spain,ODB.2013.D3,D3 - Services,40,0,5,10,0,0,15,0,10,0,0,0
2013,ES,ESP,Spain,ODB.2013.D4,D4 - Census,60,0,5,10,15,0,15,0,10,0,5,0
2013,ES,ESP,Spain,ODB.2013.D5,D5 - Budget,15,0,5,10,0,0,0,0,0,0,0,0
2013,ES,ESP,Spain,ODB.2013.D6,D6 - Spend,60,0,5,10,15,0,15,0,10,0,5,0
2013,ES,ESP,Spain,ODB.2013.D7,D7 - Company,5,0,5,0,0,0,0,0,0,0,0,0
2013,ES,ESP,Spain,ODB.2013.D8,D8 - Legislation,60,0,5,10,15,0,15,0,10,0,5,0
2013,ES,ESP,Spain,ODB.2013.D9,D9 - Transport,55,0,5,10,15,0,15,0,10,0,0,0
2013,ES,ESP,Spain,ODB.2013.D10,D10 - Trade,15,0,5,10,0,0,0,0,0,0,0,0
2013,ES,ESP,Spain,ODB.2013.D11,D11 - Health,75,0,5,10,15,15,15,0,10,0,5,0
2013,ES,ESP,Spain,ODB.2013.D12,D12 - Education,70,0,5,10,15,15,15,0,10,0,0,0
2013,ES,ESP,Spain,ODB.2013.D13,D13 - Crime,75,0,5,10,15,15,15,0,10,0,5,0
2013,ES,ESP,Spain,ODB.2013.D14,D14 - Environment,15,0,5,10,0,0,0,0,0,0,0,0
2013,ES,ESP,Spain,ODB.2013.D15,D15 - Elections,75,0,5,10,15,15,15,0,10,0,5,0
2013,SE,SWE,Sweden,ODB.2013.D1,D1 - Map,65,0,5,10,15,0,15,0,10,5,5,0
2013,SE,SWE,Sweden,ODB.2013.D2,D2 - Land,15,0,5,10,0,0,0,0,0,0,0,0
2013,SE,SWE,Sweden,ODB.2013.D3,D3 - Services,100,1,5,10,15,15,15,15,10,5,5,5
2013,SE,SWE,Sweden,ODB.2013.D4,D4 - Census,95,1,5,10,15,15,15,15,10,5,5,0
2013,SE,SWE,Sweden,ODB.2013.D5,D5 - Budget,95,1,5,10,15,15,15,15,10,5,5,0
2013,SE,SWE,Sweden,ODB.2013.D6,D6 - Spend,90,1,5,10,15,15,15,15,10,5,0,0
2013,SE,SWE,Sweden,ODB.2013.D7,D7 - Company,65,0,5,10,15,15,0,0,10,5,5,0
2013,SE,SWE,Sweden,ODB.2013.D8,D8 - Legislation,100,1,5,10,15,15,15,15,10,5,5,5
2013,SE,SWE,Sweden,ODB.2013.D9,D9 - Transport,95,1,5,10,15,15,15,15,10,5,5,0
2013,SE,SWE,Sweden,ODB.2013.D10,D10 - Trade,95,1,5,10,15,15,15,15,10,5,5,0
2013,SE,SWE,Sweden,ODB.2013.D11,D11 - Health,65,0,5,10,15,0,15,0,10,5,5,0
2013,SE,SWE,Sweden,ODB.2013.D12,D12 - Education,65,0,5,10,15,0,15,0,10,5,5,0
2013,SE,SWE,Sweden,ODB.2013.D13,D13 - Crime,95,1,5,10,15,15,15,15,10,5,5,0
2013,SE,SWE,Sweden,ODB.2013.D14,D14 - Environment,95,1,5,10,15,15,15,15,10,5,5,0
2013,SE,SWE,Sweden,ODB.2013.D15,D15 - Elections,80,0,5,10,15,15,15,0,10,5,5,0
2013,CH,CHE,Switzerland,ODB.2013.D1,D1 - Map,45,0,5,10,15,0,15,0,0,0,0,0
2013,CH,CHE,Switzerland,ODB.2013.D2,D2 - Land,5,0,5,0,0,0,0,0,0,0,0,0
2013,CH,CHE,Switzerland,ODB.2013.D3,D3 - Services,0,0,0,0,0,0,0,0,0,0,0,0
2013,CH,CHE,Switzerland,ODB.2013.D4,D4 - Census,75,0,5,10,15,15,15,0,10,0,5,0
2013,CH,CHE,Switzerland,ODB.2013.D5,D5 - Budget,15,0,5,10,0,0,0,0,0,0,0,0
2013,CH,CHE,Switzerland,ODB.2013.D6,D6 - Spend,15,0,5,10,0,0,0,0,0,0,0,0
2013,CH,CHE,Switzerland,ODB.2013.D7,D7 - Company,60,0,5,10,15,0,15,0,10,0,5,0
2013,CH,CHE,Switzerland,ODB.2013.D8,D8 - Legislation,15,0,5,10,0,0,0,0,0,0,0,0
2013,CH,CHE,Switzerland,ODB.2013.D9,D9 - Transport,5,0,5,0,0,0,0,0,0,0,0,0
2013,CH,CHE,Switzerland,ODB.2013.D10,D10 - Trade,75,0,5,10,15,15,15,0,10,0,5,0
2013,CH,CHE,Switzerland,ODB.2013.D11,D11 - Health,5,0,5,0,0,0,0,0,0,0,0,0
2013,CH,CHE,Switzerland,ODB.2013.D12,D12 - Education,75,0,5,10,15,15,15,0,10,0,5,0
2013,CH,CHE,Switzerland,ODB.2013.D13,D13 - Crime,75,0,5,10,15,15,15,0,10,0,5,0
2013,CH,CHE,Switzerland,ODB.2013.D14,D14 - Environment,60,0,5,10,15,0,15,0,10,0,5,0
2013,CH,CHE,Switzerland,ODB.2013.D15,D15 - Elections,60,0,5,10,15,0,15,0,10,0,5,0
2013,TZ,TZA,"Tanzania, United Republic of",ODB.2013.D1,D1 - Map,75,0,5,10,15,15,15,0,10,0,5,0
2013,TZ,TZA,"Tanzania, United Republic of",ODB.2013.D2,D2 - Land,0,0,0,0,0,0,0,0,0,0,0,0
2013,TZ,TZA,"Tanzania, United Republic of",ODB.2013.D3,D3 - Services,45,0,5,10,0,0,15,0,10,0,5,0
2013,TZ,TZA,"Tanzania, United Republic of",ODB.2013.D4,D4 - Census,15,0,5,10,0,0,0,0,0,0,0,0
2013,TZ,TZA,"Tanzania, United Republic of",ODB.2013.D5,D5 - Budget,15,0,5,10,0,0,0,0,0,0,0,0
2013,TZ,TZA,"Tanzania, United Republic of",ODB.2013.D6,D6 - Spend,15,0,5,10,0,0,0,0,0,0,0,0
2013,TZ,TZA,"Tanzania, United Republic of",ODB.2013.D7,D7 - Company,15,0,5,10,0,0,0,0,0,0,0,0
2013,TZ,TZA,"Tanzania, United Republic of",ODB.2013.D8,D8 - Legislation,15,0,5,10,0,0,0,0,0,0,0,0
2013,TZ,TZA,"Tanzania, United Republic of",ODB.2013.D9,D9 - Transport,0,0,0,0,0,0,0,0,0,0,0,0
2013,TZ,TZA,"Tanzania, United Republic of",ODB.2013.D10,D10 - Trade,15,0,5,10,0,0,0,0,0,0,0,0
2013,TZ,TZA,"Tanzania, United Republic of",ODB.2013.D11,D11 - Health,15,0,5,10,0,0,0,0,0,0,0,0
2013,TZ,TZA,"Tanzania, United Republic of",ODB.2013.D12,D12 - Education,65,0,5,10,15,15,15,0,0,0,5,0
2013,TZ,TZA,"Tanzania, United Republic of",ODB.2013.D13,D13 - Crime,15,0,5,10,0,0,0,0,0,0,0,0
2013,TZ,TZA,"Tanzania, United Republic of",ODB.2013.D14,D14 - Environment,15,0,5,10,0,0,0,0,0,0,0,0
2013,TZ,TZA,"Tanzania, United Republic of",ODB.2013.D15,D15 - Elections,5,0,5,0,0,0,0,0,0,0,0,0
2013,TH,THA,Thailand,ODB.2013.D1,D1 - Map,5,0,5,0,0,0,0,0,0,0,0,0
2013,TH,THA,Thailand,ODB.2013.D2,D2 - Land,5,0,5,0,0,0,0,0,0,0,0,0
2013,TH,THA,Thailand,ODB.2013.D3,D3 - Services,0,0,0,0,0,0,0,0,0,0,0,0
2013,TH,THA,Thailand,ODB.2013.D4,D4 - Census,65,0,5,10,15,0,15,0,10,5,5,0
2013,TH,THA,Thailand,ODB.2013.D5,D5 - Budget,65,0,5,10,15,0,15,0,10,5,5,0
2013,TH,THA,Thailand,ODB.2013.D6,D6 - Spend,65,0,5,10,15,0,15,0,10,5,5,0
2013,TH,THA,Thailand,ODB.2013.D7,D7 - Company,15,0,5,10,0,0,0,0,0,0,0,0
2013,TH,THA,Thailand,ODB.2013.D8,D8 - Legislation,15,0,5,10,0,0,0,0,0,0,0,0
2013,TH,THA,Thailand,ODB.2013.D9,D9 - Transport,15,0,5,10,0,0,0,0,0,0,0,0
2013,TH,THA,Thailand,ODB.2013.D10,D10 - Trade,80,0,5,10,15,15,15,0,10,5,5,0
2013,TH,THA,Thailand,ODB.2013.D11,D11 - Health,15,0,5,10,0,0,0,0,0,0,0,0
2013,TH,THA,Thailand,ODB.2013.D12,D12 - Education,65,0,5,10,15,0,15,0,10,5,5,0
2013,TH,THA,Thailand,ODB.2013.D13,D13 - Crime,65,0,5,10,15,0,15,0,10,5,5,0
2013,TH,THA,Thailand,ODB.2013.D14,D14 - Environment,65,0,5,10,15,0,15,0,10,5,5,0
2013,TH,THA,Thailand,ODB.2013.D15,D15 - Elections,15,0,5,10,0,0,0,0,0,0,0,0
2013,TN,TUN,Tunisia,ODB.2013.D1,D1 - Map,5,0,5,0,0,0,0,0,0,0,0,0
2013,TN,TUN,Tunisia,ODB.2013.D2,D2 - Land,5,0,5,0,0,0,0,0,0,0,0,0
2013,TN,TUN,Tunisia,ODB.2013.D3,D3 - Services,40,0,5,10,0,0,15,0,0,5,5,0
2013,TN,TUN,Tunisia,ODB.2013.D4,D4 - Census,15,0,5,10,0,0,0,0,0,0,0,0
2013,TN,TUN,Tunisia,ODB.2013.D5,D5 - Budget,15,0,5,10,0,0,0,0,0,0,0,0
2013,TN,TUN,Tunisia,ODB.2013.D6,D6 - Spend,5,0,5,0,0,0,0,0,0,0,0,0
2013,TN,TUN,Tunisia,ODB.2013.D7,D7 - Company,15,0,5,10,0,0,0,0,0,0,0,0
2013,TN,TUN,Tunisia,ODB.2013.D8,D8 - Legislation,15,0,5,10,0,0,0,0,0,0,0,0
2013,TN,TUN,Tunisia,ODB.2013.D9,D9 - Transport,15,0,5,10,0,0,0,0,0,0,0,0
2013,TN,TUN,Tunisia,ODB.2013.D10,D10 - Trade,15,0,5,10,0,0,0,0,0,0,0,0
2013,TN,TUN,Tunisia,ODB.2013.D11,D11 - Health,15,0,5,10,0,0,0,0,0,0,0,0
2013,TN,TUN,Tunisia,ODB.2013.D12,D12 - Education,15,0,5,10,0,0,0,0,0,0,0,0
2013,TN,TUN,Tunisia,ODB.2013.D13,D13 - Crime,30,0,5,10,15,0,0,0,0,0,0,0
2013,TN,TUN,Tunisia,ODB.2013.D14,D14 - Environment,15,0,5,10,0,0,0,0,0,0,0,0
2013,TN,TUN,Tunisia,ODB.2013.D15,D15 - Elections,15,0,5,10,0,0,0,0,0,0,0,0
2013,TR,TUR,Turkey,ODB.2013.D1,D1 - Map,15,0,5,10,0,0,0,0,0,0,0,0
2013,TR,TUR,Turkey,ODB.2013.D2,D2 - Land,5,0,5,0,0,0,0,0,0,0,0,0
2013,TR,TUR,Turkey,ODB.2013.D3,D3 - Services,0,0,0,0,0,0,0,0,0,0,0,0
2013,TR,TUR,Turkey,ODB.2013.D4,D4 - Census,65,0,5,10,15,0,15,0,10,5,5,0
2013,TR,TUR,Turkey,ODB.2013.D5,D5 - Budget,60,0,5,10,15,0,15,0,10,5,0,0
2013,TR,TUR,Turkey,ODB.2013.D6,D6 - Spend,5,0,5,0,0,0,0,0,0,0,0,0
2013,TR,TUR,Turkey,ODB.2013.D7,D7 - Company,15,0,5,10,0,0,0,0,0,0,0,0
2013,TR,TUR,Turkey,ODB.2013.D8,D8 - Legislation,15,0,5,10,0,0,0,0,0,0,0,0
2013,TR,TUR,Turkey,ODB.2013.D9,D9 - Transport,0,0,0,0,0,0,0,0,0,0,0,0
2013,TR,TUR,Turkey,ODB.2013.D10,D10 - Trade,65,0,5,10,15,0,15,0,10,5,5,0
2013,TR,TUR,Turkey,ODB.2013.D11,D11 - Health,65,0,5,10,15,0,15,0,10,5,5,0
2013,TR,TUR,Turkey,ODB.2013.D12,D12 - Education,65,0,5,10,15,0,15,0,10,5,5,0
2013,TR,TUR,Turkey,ODB.2013.D13,D13 - Crime,15,0,5,10,0,0,0,0,0,0,0,0
2013,TR,TUR,Turkey,ODB.2013.D14,D14 - Environment,50,0,5,10,15,0,15,0,0,0,5,0
2013,TR,TUR,Turkey,ODB.2013.D15,D15 - Elections,15,0,5,10,0,0,0,0,0,0,0,0
2013,AE,ARE,UAE,ODB.2013.D1,D1 - Map,5,0,5,0,0,0,0,0,0,0,0,0
2013,AE,ARE,UAE,ODB.2013.D2,D2 - Land,0,0,0,0,0,0,0,0,0,0,0,0
2013,AE,ARE,UAE,ODB.2013.D3,D3 - Services,45,0,5,10,0,0,15,0,10,0,5,0
2013,AE,ARE,UAE,ODB.2013.D4,D4 - Census,60,0,5,10,15,0,15,0,10,0,5,0
2013,AE,ARE,UAE,ODB.2013.D5,D5 - Budget,0,0,0,0,0,0,0,0,0,0,0,0
2013,AE,ARE,UAE,ODB.2013.D6,D6 - Spend,0,0,0,0,0,0,0,0,0,0,0,0
2013,AE,ARE,UAE,ODB.2013.D7,D7 - Company,0,0,0,0,0,0,0,0,0,0,0,0
2013,AE,ARE,UAE,ODB.2013.D8,D8 - Legislation,15,0,5,10,0,0,0,0,0,0,0,0
2013,AE,ARE,UAE,ODB.2013.D9,D9 - Transport,15,0,5,10,0,0,0,0,0,0,0,0
2013,AE,ARE,UAE,ODB.2013.D10,D10 - Trade,50,0,5,10,15,0,15,0,0,0,5,0
2013,AE,ARE,UAE,ODB.2013.D11,D11 - Health,65,0,5,10,15,15,15,0,0,0,5,0
2013,AE,ARE,UAE,ODB.2013.D12,D12 - Education,5,0,5,0,0,0,0,0,0,0,0,0
2013,AE,ARE,UAE,ODB.2013.D13,D13 - Crime,50,0,5,10,15,0,15,0,0,0,5,0
2013,AE,ARE,UAE,ODB.2013.D14,D14 - Environment,50,0,5,10,15,0,15,0,0,0,5,0
2013,AE,ARE,UAE,ODB.2013.D15,D15 - Elections,15,0,5,10,0,0,0,0,0,0,0,0
2013,UG,UGA,Uganda,ODB.2013.D1,D1 - Map,0,0,0,0,0,0,0,0,0,0,0,0
2013,UG,UGA,Uganda,ODB.2013.D2,D2 - Land,15,0,5,10,0,0,0,0,0,0,0,0
2013,UG,UGA,Uganda,ODB.2013.D3,D3 - Services,0,0,0,0,0,0,0,0,0,0,0,0
2013,UG,UGA,Uganda,ODB.2013.D4,D4 - Census,15,0,5,10,0,0,0,0,0,0,0,0
2013,UG,UGA,Uganda,ODB.2013.D5,D5 - Budget,15,0,5,10,0,0,0,0,0,0,0,0
2013,UG,UGA,Uganda,ODB.2013.D6,D6 - Spend,15,0,5,10,0,0,0,0,0,0,0,0
2013,UG,UGA,Uganda,ODB.2013.D7,D7 - Company,0,0,0,0,0,0,0,0,0,0,0,0
2013,UG,UGA,Uganda,ODB.2013.D8,D8 - Legislation,15,0,5,10,0,0,0,0,0,0,0,0
2013,UG,UGA,Uganda,ODB.2013.D9,D9 - Transport,0,0,0,0,0,0,0,0,0,0,0,0
2013,UG,UGA,Uganda,ODB.2013.D10,D10 - Trade,75,0,5,10,15,15,15,0,10,0,5,0
2013,UG,UGA,Uganda,ODB.2013.D11,D11 - Health,15,0,5,10,0,0,0,0,0,0,0,0
2013,UG,UGA,Uganda,ODB.2013.D12,D12 - Education,15,0,5,10,0,0,0,0,0,0,0,0
2013,UG,UGA,Uganda,ODB.2013.D13,D13 - Crime,15,0,5,10,0,0,0,0,0,0,0,0
2013,UG,UGA,Uganda,ODB.2013.D14,D14 - Environment,15,0,5,10,0,0,0,0,0,0,0,0
2013,UG,UGA,Uganda,ODB.2013.D15,D15 - Elections,15,0,5,10,0,0,0,0,0,0,0,0
2013,GB,GBR,United Kingdom,ODB.2013.D1,D1 - Map,100,1,5,10,15,15,15,15,10,5,5,5
2013,GB,GBR,United Kingdom,ODB.2013.D2,D2 - Land,100,1,5,10,15,15,15,15,10,5,5,5
2013,GB,GBR,United Kingdom,ODB.2013.D3,D3 - Services,90,1,5,10,15,15,15,15,0,5,5,5
2013,GB,GBR,United Kingdom,ODB.2013.D4,D4 - Census,95,1,5,10,15,15,15,15,10,5,5,0
2013,GB,GBR,United Kingdom,ODB.2013.D5,D5 - Budget,95,1,5,10,15,15,15,15,10,5,5,0
2013,GB,GBR,United Kingdom,ODB.2013.D6,D6 - Spend,95,1,5,10,15,15,15,15,10,5,5,0
2013,GB,GBR,United Kingdom,ODB.2013.D7,D7 - Company,100,1,5,10,15,15,15,15,10,5,5,5
2013,GB,GBR,United Kingdom,ODB.2013.D8,D8 - Legislation,90,1,5,10,15,15,15,15,0,5,5,5
2013,GB,GBR,United Kingdom,ODB.2013.D9,D9 - Transport,90,1,5,10,15,15,15,15,10,5,0,0
2013,GB,GBR,United Kingdom,ODB.2013.D10,D10 - Trade,90,1,5,10,15,15,15,15,10,5,0,0
2013,GB,GBR,United Kingdom,ODB.2013.D11,D11 - Health,95,1,5,10,15,15,15,15,10,5,5,0
2013,GB,GBR,United Kingdom,ODB.2013.D12,D12 - Education,95,1,5,10,15,15,15,15,10,5,5,0
2013,GB,GBR,United Kingdom,ODB.2013.D13,D13 - Crime,95,1,5,10,15,15,15,15,10,5,5,0
2013,GB,GBR,United Kingdom,ODB.2013.D14,D14 - Environment,95,1,5,10,15,15,15,15,10,5,5,0
2013,GB,GBR,United Kingdom,ODB.2013.D15,D15 - Elections,95,1,5,10,15,15,15,15,10,5,5,0
2013,US,USA,United States of America,ODB.2013.D1,D1 - Map,90,1,5,10,15,15,15,15,10,5,0,0
2013,US,USA,United States of America,ODB.2013.D2,D2 - Land,90,1,5,10,15,15,15,15,10,5,0,0
2013,US,USA,United States of America,ODB.2013.D3,D3 - Services,30,0,5,10,0,0,0,0,10,5,0,0
2013,US,USA,United States of America,ODB.2013.D4,D4 - Census,80,0,5,10,15,15,15,0,10,5,5,0
2013,US,USA,United States of America,ODB.2013.D5,D5 - Budget,95,1,5,10,15,15,15,15,10,5,5,0
2013,US,USA,United States of America,ODB.2013.D6,D6 - Spend,80,0,5,10,15,15,15,0,10,5,5,0
2013,US,USA,United States of America,ODB.2013.D7,D7 - Company,0,0,0,0,0,0,0,0,0,0,0,0
2013,US,USA,United States of America,ODB.2013.D8,D8 - Legislation,95,1,5,10,15,15,15,15,10,5,5,0
2013,US,USA,United States of America,ODB.2013.D9,D9 - Transport,75,0,5,10,15,15,15,0,10,0,5,0
2013,US,USA,United States of America,ODB.2013.D10,D10 - Trade,95,1,5,10,15,15,15,15,10,5,5,0
2013,US,USA,United States of America,ODB.2013.D11,D11 - Health,95,1,5,10,15,15,15,15,10,5,5,0
2013,US,USA,United States of America,ODB.2013.D12,D12 - Education,85,1,5,10,15,15,15,15,0,5,5,0
2013,US,USA,United States of America,ODB.2013.D13,D13 - Crime,85,1,5,10,15,15,15,15,0,5,5,0
2013,US,USA,United States of America,ODB.2013.D14,D14 - Environment,100,1,5,10,15,15,15,15,10,5,5,5
2013,US,USA,United States of America,ODB.2013.D15,D15 - Elections,95,1,5,10,15,15,15,15,10,5,5,0
2013,UY,URY,Uruguay,ODB.2013.D1,D1 - Map,50,0,5,10,15,0,15,0,0,0,5,0
2013,UY,URY,Uruguay,ODB.2013.D2,D2 - Land,15,0,5,10,0,0,0,0,0,0,0,0
2013,UY,URY,Uruguay,ODB.2013.D3,D3 - Services,70,0,5,10,15,15,15,0,10,0,0,0
2013,UY,URY,Uruguay,ODB.2013.D4,D4 - Census,75,0,5,10,15,15,15,0,10,0,5,0
2013,UY,URY,Uruguay,ODB.2013.D5,D5 - Budget,70,0,5,10,15,15,15,0,10,0,0,0
2013,UY,URY,Uruguay,ODB.2013.D6,D6 - Spend,70,0,5,10,15,15,15,0,10,0,0,0
2013,UY,URY,Uruguay,ODB.2013.D7,D7 - Company,5,0,5,0,0,0,0,0,0,0,0,0
2013,UY,URY,Uruguay,ODB.2013.D8,D8 - Legislation,15,0,5,10,0,0,0,0,0,0,0,0
2013,UY,URY,Uruguay,ODB.2013.D9,D9 - Transport,60,0,5,10,15,15,0,0,10,0,5,0
2013,UY,URY,Uruguay,ODB.2013.D10,D10 - Trade,50,0,5,10,15,0,15,0,0,0,5,0
2013,UY,URY,Uruguay,ODB.2013.D11,D11 - Health,15,0,5,10,0,0,0,0,0,0,0,0
2013,UY,URY,Uruguay,ODB.2013.D12,D12 - Education,5,0,5,0,0,0,0,0,0,0,0,0
2013,UY,URY,Uruguay,ODB.2013.D13,D13 - Crime,15,0,5,10,0,0,0,0,0,0,0,0
2013,UY,URY,Uruguay,ODB.2013.D14,D14 - Environment,15,0,5,10,0,0,0,0,0,0,0,0
2013,UY,USA,Uruguay,ODB.2013.D15,D15 - Elections,15,0,5,10,0,0,0,0,0,0,0,0
2013,VE,VEN,Venezuela,ODB.2013.D1,D1 - Map,15,0,5,10,0,0,0,0,0,0,0,0
2013,VE,VEN,Venezuela,ODB.2013.D2,D2 - Land,5,0,5,0,0,0,0,0,0,0,0,0
2013,VE,VEN,Venezuela,ODB.2013.D3,D3 - Services,30,0,0,10,0,0,15,0,0,0,5,0
2013,VE,VEN,Venezuela,ODB.2013.D4,D4 - Census,60,0,5,10,15,0,15,0,10,0,5,0
2013,VE,VEN,Venezuela,ODB.2013.D5,D5 - Budget,15,0,5,10,0,0,0,0,0,0,0,0
2013,VE,VEN,Venezuela,ODB.2013.D6,D6 - Spend,15,0,5,10,0,0,0,0,0,0,0,0
2013,VE,VEN,Venezuela,ODB.2013.D7,D7 - Company,5,0,5,0,0,0,0,0,0,0,0,0
2013,VE,VEN,Venezuela,ODB.2013.D8,D8 - Legislation,15,0,5,10,0,0,0,0,0,0,0,0
2013,VE,VEN,Venezuela,ODB.2013.D9,D9 - Transport,0,0,0,0,0,0,0,0,0,0,0,0
2013,VE,VEN,Venezuela,ODB.2013.D10,D10 - Trade,60,0,5,10,15,0,15,0,10,0,5,0
2013,VE,VEN,Venezuela,ODB.2013.D11,D11 - Health,5,0,5,0,0,0,0,0,0,0,0,0
2013,VE,VEN,Venezuela,ODB.2013.D12,D12 - Education,15,0,5,10,0,0,0,0,0,0,0,0
2013,VE,VEN,Venezuela,ODB.2013.D13,D13 - Crime,5,0,5,0,0,0,0,0,0,0,0,0
2013,VE,VEN,Venezuela,ODB.2013.D14,D14 - Environment,15,0,5,10,0,0,0,0,0,0,0,0
2013,VE,VEN,Venezuela,ODB.2013.D15,D15 - Elections,15,0,5,10,0,0,0,0,0,0,0,0
2013,YE,YEM,Yemen,ODB.2013.D1,D1 - Map,0,0,0,0,0,0,0,0,0,0,0,0
2013,YE,YEM,Yemen,ODB.2013.D2,D2 - Land,0,0,0,0,0,0,0,0,0,0,0,0
2013,YE,YEM,Yemen,ODB.2013.D3,D3 - Services,30,0,5,10,0,0,15,0,0,0,0,0
2013,YE,YEM,Yemen,ODB.2013.D4,D4 - Census,65,0,5,10,15,0,15,0,10,5,5,0
2013,YE,YEM,Yemen,ODB.2013.D5,D5 - Budget,15,0,5,10,0,0,0,0,0,0,0,0
2013,YE,YEM,Yemen,ODB.2013.D6,D6 - Spend,5,0,5,0,0,0,0,0,0,0,0,0
2013,YE,YEM,Yemen,ODB.2013.D7,D7 - Company,0,0,0,0,0,0,0,0,0,0,0,0
2013,YE,YEM,Yemen,ODB.2013.D8,D8 - Legislation,15,0,5,10,0,0,0,0,0,0,0,0
2013,YE,YEM,Yemen,ODB.2013.D9,D9 - Transport,0,0,0,0,0,0,0,0,0,0,0,0
2013,YE,YEM,Yemen,ODB.2013.D10,D10 - Trade,15,0,5,10,0,0,0,0,0,0,0,0
2013,YE,YEM,Yemen,ODB.2013.D11,D11 - Health,15,0,5,10,0,0,0,0,0,0,0,0
2013,YE,YEM,Yemen,ODB.2013.D12,D12 - Education,0,0,0,0,0,0,0,0,0,0,0,0
2013,YE,YEM,Yemen,ODB.2013.D13,D13 - Crime,15,0,5,10,0,0,0,0,0,0,0,0
2013,YE,YEM,Yemen,ODB.2013.D14,D14 - Environment,0,0,0,0,0,0,0,0,0,0,0,0
2013,YE,YEM,Yemen,ODB.2013.D15,D15 - Elections,15,0,5,10,0,0,0,0,0,0,0,0
2013,ZM,ZMB,Zambia,ODB.2013.D1,D1 - Map,5,0,5,0,0,0,0,0,0,0,0,0
2013,ZM,ZMB,Zambia,ODB.2013.D2,D2 - Land,5,0,5,0,0,0,0,0,0,0,0,0
2013,ZM,ZMB,Zambia,ODB.2013.D3,D3 - Services,0,0,0,0,0,0,0,0,0,0,0,0
2013,ZM,ZMB,Zambia,ODB.2013.D4,D4 - Census,15,0,5,10,0,0,0,0,0,0,0,0
2013,ZM,ZMB,Zambia,ODB.2013.D5,D5 - Budget,15,0,5,10,0,0,0,0,0,0,0,0
2013,ZM,ZMB,Zambia,ODB.2013.D6,D6 - Spend,15,0,5,10,0,0,0,0,0,0,0,0
2013,ZM,ZMB,Zambia,ODB.2013.D7,D7 - Company,5,0,5,0,0,0,0,0,0,0,0,0
2013,ZM,ZMB,Zambia,ODB.2013.D8,D8 - Legislation,15,0,5,10,0,0,0,0,0,0,0,0
2013,ZM,ZMB,Zambia,ODB.2013.D9,D9 - Transport,0,0,0,0,0,0,0,0,0,0,0,0
2013,ZM,ZMB,Zambia,ODB.2013.D10,D10 - Trade,15,0,5,10,0,0,0,0,0,0,0,0
2013,ZM,ZMB,Zambia,ODB.2013.D11,D11 - Health,5,0,5,0,0,0,0,0,0,0,0,0
2013,ZM,ZMB,Zambia,ODB.2013.D12,D12 - Education,5,0,5,0,0,0,0,0,0,0,0,0
2013,ZM,ZMB,Zambia,ODB.2013.D13,D13 - Crime,0,0,0,0,0,0,0,0,0,0,0,0
2013,ZM,ZMB,Zambia,ODB.2013.D14,D14 - Environment,5,0,5,0,0,0,0,0,0,0,0,0
2013,ZM,ZMB,Zambia,ODB.2013.D15,D15 - Elections,15,0,5,10,0,0,0,0,0,0,0,0
2013,ZW,ZWE,Zimbabwe,ODB.2013.D1,D1 - Map,5,0,5,0,0,0,0,0,0,0,0,0
2013,ZW,ZWE,Zimbabwe,ODB.2013.D2,D2 - Land,5,0,5,0,0,0,0,0,0,0,0,0
2013,ZW,ZWE,Zimbabwe,ODB.2013.D3,D3 - Services,45,0,5,10,0,0,15,0,10,0,5,0
2013,ZW,ZWE,Zimbabwe,ODB.2013.D4,D4 - Census,15,0,5,10,0,0,0,0,0,0,0,0
2013,ZW,ZWE,Zimbabwe,ODB.2013.D5,D5 - Budget,15,0,5,10,0,0,0,0,0,0,0,0
2013,ZW,ZWE,Zimbabwe,ODB.2013.D6,D6 - Spend,15,0,5,10,0,0,0,0,0,0,0,0
2013,ZW,ZWE,Zimbabwe,ODB.2013.D7,D7 - Company,5,0,5,0,0,0,0,0,0,0,0,0
2013,ZW,ZWE,Zimbabwe,ODB.2013.D8,D8 - Legislation,5,0,5,0,0,0,0,0,0,0,0,0
2013,ZW,ZWE,Zimbabwe,ODB.2013.D9,D9 - Transport,0,0,0,0,0,0,0,0,0,0,0,0
2013,ZW,ZWE,Zimbabwe,ODB.2013.D10,D10 - Trade,15,0,5,10,0,0,0,0,0,0,0,0
2013,ZW,ZWE,Zimbabwe,ODB.2013.D11,D11 - Health,15,0,5,10,0,0,0,0,0,0,0,0
2013,ZW,ZWE,Zimbabwe,ODB.2013.D12,D12 - Education,5,0,5,0,0,0,0,0,0,0,0,0
2013,ZW,ZWE,Zimbabwe,ODB.2013.D13,D13 - Crime,15,0,5,10,0,0,0,0,0,0,0,0
2013,ZW,ZWE,Zimbabwe,ODB.2013.D14,D14 - Environment,0,0,0,0,0,0,0,0,0,0,0,0
2013,ZW,ZWE,Zimbabwe,ODB.2013.D15,D15 - Elections,15,0,5,10,0,0,0,0,0,0,0,0